,Flux
10_FORMYL_THF_pc_Close,0.0
10_FORMYL_THF_pc_Day,0.0
10_FORMYL_THF_pc_Night,0.0
10_FORMYL_THF_pc_Open,0.0
1TRANSKETO_RXN_p_Close,-0.10057521805182133
1TRANSKETO_RXN_p_Day,1.3785877651854515
1TRANSKETO_RXN_p_Night,-1.4368512215454585
1TRANSKETO_RXN_p_Open,0.06169708196223722
1_PERIOD_10_PERIOD_2_PERIOD_2_RXN_mc_Close,0.0
1_PERIOD_10_PERIOD_2_PERIOD_2_RXN_mc_Day,0.0
1_PERIOD_10_PERIOD_2_PERIOD_2_RXN_mc_Night,0.0
1_PERIOD_10_PERIOD_2_PERIOD_2_RXN_mc_Open,0.0
1_PERIOD_10_PERIOD_2_PERIOD_2_RXN_mi_Close,1.7607893865510724
1_PERIOD_10_PERIOD_2_PERIOD_2_RXN_mi_Day,6.564370766847229
1_PERIOD_10_PERIOD_2_PERIOD_2_RXN_mi_Night,9.45296856279908
1_PERIOD_10_PERIOD_2_PERIOD_2_RXN_mi_Open,0.978535449859314
1_PERIOD_18_PERIOD_1_PERIOD_2_RXN_p_Close,0.0
1_PERIOD_18_PERIOD_1_PERIOD_2_RXN_p_Day,24.83062798784795
1_PERIOD_18_PERIOD_1_PERIOD_2_RXN_p_Night,0.0
1_PERIOD_18_PERIOD_1_PERIOD_2_RXN_p_Open,2.281190721518039
1_PERIOD_1_PERDIOD_1_PERIOD_255_RXN_c_Close,0.0
1_PERIOD_1_PERDIOD_1_PERIOD_255_RXN_c_Day,0.0
1_PERIOD_1_PERDIOD_1_PERIOD_255_RXN_c_Night,0.0
1_PERIOD_1_PERDIOD_1_PERIOD_255_RXN_c_Open,0.0
1_PERIOD_2_PERIOD_1_PERIOD_13_RXN_p_Close,0.0
1_PERIOD_2_PERIOD_1_PERIOD_13_RXN_p_Day,14.76235687372321
1_PERIOD_2_PERIOD_1_PERIOD_13_RXN_p_Night,0.0
1_PERIOD_2_PERIOD_1_PERIOD_13_RXN_p_Open,0.9841188764516756
1_PERIOD_2_PERIOD_1_PERIOD_2_RXN_m_Close,0.0
1_PERIOD_2_PERIOD_1_PERIOD_2_RXN_m_Day,0.0
1_PERIOD_2_PERIOD_1_PERIOD_2_RXN_m_Night,0.0
1_PERIOD_2_PERIOD_1_PERIOD_2_RXN_m_Open,0.0
1_PERIOD_2_PERIOD_1_PERIOD_2_RXN_p_Close,0.0
1_PERIOD_2_PERIOD_1_PERIOD_2_RXN_p_Day,0.0
1_PERIOD_2_PERIOD_1_PERIOD_2_RXN_p_Night,0.0
1_PERIOD_2_PERIOD_1_PERIOD_2_RXN_p_Open,0.0
1_PERIOD_2_PERIOD_1_PERIOD_9_RXN_c_Close,0.0
1_PERIOD_2_PERIOD_1_PERIOD_9_RXN_c_Day,7.007800694555039
1_PERIOD_2_PERIOD_1_PERIOD_9_RXN_c_Night,0.0
1_PERIOD_2_PERIOD_1_PERIOD_9_RXN_c_Open,0.6370727904140929
1_PERIOD_5_PERIOD_1_PERIOD_20_RXN_c_Close,0.0
1_PERIOD_5_PERIOD_1_PERIOD_20_RXN_c_Day,0.0
1_PERIOD_5_PERIOD_1_PERIOD_20_RXN_c_Night,0.0
1_PERIOD_5_PERIOD_1_PERIOD_20_RXN_c_Open,0.0
1_PERIOD_8_PERIOD_4_PERIOD_9_RXN_p_Close,0.0
1_PERIOD_8_PERIOD_4_PERIOD_9_RXN_p_Day,0.0
1_PERIOD_8_PERIOD_4_PERIOD_9_RXN_p_Night,0.0
1_PERIOD_8_PERIOD_4_PERIOD_9_RXN_p_Open,0.0
1_PERIOD_8_PERIOD_5_PERIOD_1_RXN_p_Close,0.0
1_PERIOD_8_PERIOD_5_PERIOD_1_RXN_p_Day,0.0
1_PERIOD_8_PERIOD_5_PERIOD_1_RXN_p_Night,0.0
1_PERIOD_8_PERIOD_5_PERIOD_1_RXN_p_Open,0.0
2KG_ACONITATE_mc_Close,0.0
2KG_ACONITATE_mc_Day,0.0
2KG_ACONITATE_mc_Night,1.613306634717707
2KG_ACONITATE_mc_Open,0.0
2KG_CIT_mc_Close,0.0
2KG_CIT_mc_Day,0.0
2KG_CIT_mc_Night,0.0
2KG_CIT_mc_Open,0.0
2KG_ISOCITRATE_mc_Close,-0.033621482103166955
2KG_ISOCITRATE_mc_Day,0.0
2KG_ISOCITRATE_mc_Night,0.0
2KG_ISOCITRATE_mc_Open,0.0
2KG_MAL_mc_Close,0.0
2KG_MAL_mc_Day,3.503900347277517
2KG_MAL_mc_Night,0.0
2KG_MAL_mc_Open,0.3185363952070473
2KG_MAL_pc_Close,0.0
2KG_MAL_pc_Day,-0.5169704119445393
2KG_MAL_pc_Night,0.0
2KG_MAL_pc_Open,-0.023136405735810328
2KG_OAA_mc_Close,0.0
2KG_OAA_mc_Day,0.0
2KG_OAA_mc_Night,0.0
2KG_OAA_mc_Open,0.0
2KG_SUC_mc_Close,0.0
2KG_SUC_mc_Day,0.0
2KG_SUC_mc_Night,0.0
2KG_SUC_mc_Open,0.0
2OXOGLUTARATEDEH_RXN_m_Close,0.3521578773102144
2OXOGLUTARATEDEH_RXN_m_Day,0.0
2OXOGLUTARATEDEH_RXN_m_Night,1.8905937125598151
2OXOGLUTARATEDEH_RXN_m_Open,0.0
2PGADEHYDRAT_RXN_c_Close,0.0
2PGADEHYDRAT_RXN_c_Day,0.0
2PGADEHYDRAT_RXN_c_Night,1.8905937125598151
2PGADEHYDRAT_RXN_c_Open,0.0
2PGADEHYDRAT_RXN_p_Close,0.35215787731021453
2PGADEHYDRAT_RXN_p_Day,0.0
2PGADEHYDRAT_RXN_p_Night,0.0
2PGADEHYDRAT_RXN_p_Open,0.0
2TRANSKETO_RXN_p_Close,0.10057521805182133
2TRANSKETO_RXN_p_Day,-1.3785877651854515
2TRANSKETO_RXN_p_Night,1.4368512215454585
2TRANSKETO_RXN_p_Open,-0.06169708196223722
2_ISOPROPYLMALATESYN_RXN_p_Close,0.0
2_ISOPROPYLMALATESYN_RXN_p_Day,0.0
2_ISOPROPYLMALATESYN_RXN_p_Night,0.0
2_ISOPROPYLMALATESYN_RXN_p_Open,0.0
2_KETOGLUTARATE_xc_Close,0.0
2_KETOGLUTARATE_xc_Day,0.5169704119445475
2_KETOGLUTARATE_xc_Night,0.0
2_KETOGLUTARATE_xc_Open,0.023136405735808906
2_PERIOD_3_PERIOD_1_PERIOD_180_RXN_p_Close,0.0
2_PERIOD_3_PERIOD_1_PERIOD_180_RXN_p_Day,0.0
2_PERIOD_3_PERIOD_1_PERIOD_180_RXN_p_Night,0.0
2_PERIOD_3_PERIOD_1_PERIOD_180_RXN_p_Open,0.0
2_PERIOD_4_PERIOD_1_PERIOD_111_RXN_c_Close,0.0
2_PERIOD_4_PERIOD_1_PERIOD_111_RXN_c_Day,0.0
2_PERIOD_4_PERIOD_1_PERIOD_111_RXN_c_Night,0.0
2_PERIOD_4_PERIOD_1_PERIOD_111_RXN_c_Open,0.0
2_PERIOD_5_PERIOD_1_PERIOD_19_RXN_p_Close,0.0
2_PERIOD_5_PERIOD_1_PERIOD_19_RXN_p_Day,0.0
2_PERIOD_5_PERIOD_1_PERIOD_19_RXN_p_Night,0.0
2_PERIOD_5_PERIOD_1_PERIOD_19_RXN_p_Open,0.0
2_PERIOD_7_PERIOD_1_PERIOD_90_RXN_c_Close,0.0
2_PERIOD_7_PERIOD_1_PERIOD_90_RXN_c_Day,-0.7199999999999646
2_PERIOD_7_PERIOD_1_PERIOD_90_RXN_c_Night,0.0
2_PERIOD_7_PERIOD_1_PERIOD_90_RXN_c_Open,-0.14267450203735257
2_PERIOD_7_PERIOD_7_PERIOD_13_RXN_c_Close,0.0
2_PERIOD_7_PERIOD_7_PERIOD_13_RXN_c_Day,0.0
2_PERIOD_7_PERIOD_7_PERIOD_13_RXN_c_Night,0.0
2_PERIOD_7_PERIOD_7_PERIOD_13_RXN_c_Open,0.0
2_PERIOD_7_PERIOD_7_PERIOD_34_RXN_c_Close,0.0
2_PERIOD_7_PERIOD_7_PERIOD_34_RXN_c_Day,0.0
2_PERIOD_7_PERIOD_7_PERIOD_34_RXN_c_Night,0.0
2_PERIOD_7_PERIOD_7_PERIOD_34_RXN_c_Open,0.0
2_PERIOD_7_PERIOD_7_PERIOD_44_RXN_c_Close,0.0
2_PERIOD_7_PERIOD_7_PERIOD_44_RXN_c_Day,0.0
2_PERIOD_7_PERIOD_7_PERIOD_44_RXN_c_Night,0.0
2_PERIOD_7_PERIOD_7_PERIOD_44_RXN_c_Open,0.0
3PGAREARR_RXN_c_Close,0.0
3PGAREARR_RXN_c_Day,0.0
3PGAREARR_RXN_c_Night,1.8905937125598151
3PGAREARR_RXN_c_Open,0.0
3PGAREARR_RXN_p_Close,0.35215787731021453
3PGAREARR_RXN_p_Day,0.0
3PGAREARR_RXN_p_Night,0.0
3PGAREARR_RXN_p_Open,0.0
3PGA_Pi_pc_Close,-0.2515826592583932
3PGA_Pi_pc_Day,0.0
3PGA_Pi_pc_Night,0.0
3PGA_Pi_pc_Open,0.0
3_DEHYDROQUINATE_DEHYDRATASE_RXN_p_Close,0.0
3_DEHYDROQUINATE_DEHYDRATASE_RXN_p_Day,0.0
3_DEHYDROQUINATE_DEHYDRATASE_RXN_p_Night,0.0
3_DEHYDROQUINATE_DEHYDRATASE_RXN_p_Open,0.0
3_DEHYDROQUINATE_SYNTHASE_RXN_p_Close,0.0
3_DEHYDROQUINATE_SYNTHASE_RXN_p_Day,0.0
3_DEHYDROQUINATE_SYNTHASE_RXN_p_Night,0.0
3_DEHYDROQUINATE_SYNTHASE_RXN_p_Open,0.0
3_ISOPROPYLMALDEHYDROG_RXN_p_Close,0.0
3_ISOPROPYLMALDEHYDROG_RXN_p_Day,0.0
3_ISOPROPYLMALDEHYDROG_RXN_p_Night,0.0
3_ISOPROPYLMALDEHYDROG_RXN_p_Open,0.0
3_ISOPROPYLMALISOM_RXN_p_Close,0.0
3_ISOPROPYLMALISOM_RXN_p_Day,0.0
3_ISOPROPYLMALISOM_RXN_p_Night,0.0
3_ISOPROPYLMALISOM_RXN_p_Open,0.0
4_AMINO_BUTYRATE_PROTON_rev_vc_Close,0.0
4_AMINO_BUTYRATE_PROTON_rev_vc_Day,0.0
4_AMINO_BUTYRATE_PROTON_rev_vc_Night,0.0
4_AMINO_BUTYRATE_PROTON_rev_vc_Open,0.0
4_AMINO_BUTYRATE_PROTON_vc_Close,0.0
4_AMINO_BUTYRATE_PROTON_vc_Day,0.0
4_AMINO_BUTYRATE_PROTON_vc_Night,0.0
4_AMINO_BUTYRATE_PROTON_vc_Open,0.0
4_AMINO_BUTYRATE_mc_Close,0.0
4_AMINO_BUTYRATE_mc_Day,0.0
4_AMINO_BUTYRATE_mc_Night,0.0
4_AMINO_BUTYRATE_mc_Open,0.0
4_PERIOD_2_PERIOD_1_PERIOD_58_RXN_p_Close,0.0
4_PERIOD_2_PERIOD_1_PERIOD_58_RXN_p_Day,0.0
4_PERIOD_2_PERIOD_1_PERIOD_58_RXN_p_Night,0.0
4_PERIOD_2_PERIOD_1_PERIOD_58_RXN_p_Open,0.0
4_PERIOD_2_PERIOD_1_PERIOD_59_RXN_p_Close,0.0
4_PERIOD_2_PERIOD_1_PERIOD_59_RXN_p_Day,0.0
4_PERIOD_2_PERIOD_1_PERIOD_59_RXN_p_Night,0.0
4_PERIOD_2_PERIOD_1_PERIOD_59_RXN_p_Open,0.0
4_PERIOD_2_PERIOD_1_PERIOD_61_RXN_p_Close,0.0
4_PERIOD_2_PERIOD_1_PERIOD_61_RXN_p_Day,0.0
4_PERIOD_2_PERIOD_1_PERIOD_61_RXN_p_Night,0.0
4_PERIOD_2_PERIOD_1_PERIOD_61_RXN_p_Open,0.0
5_METHYL_THF_pc_Close,0.0
5_METHYL_THF_pc_Day,0.0
5_METHYL_THF_pc_Night,0.0
5_METHYL_THF_pc_Open,0.0
6PFRUCTPHOS_RXN_c_Close,0.1257913296291966
6PFRUCTPHOS_RXN_c_Day,0.0
6PFRUCTPHOS_RXN_c_Night,0.2268712455071783
6PFRUCTPHOS_RXN_c_Open,0.0
6PFRUCTPHOS_RXN_p_Close,0.0
6PFRUCTPHOS_RXN_p_Day,0.0
6PFRUCTPHOS_RXN_p_Night,0.0
6PFRUCTPHOS_RXN_p_Open,0.0
6PGLUCONDEHYDROG_RXN_c_Close,0.14245745655194025
6PGLUCONDEHYDROG_RXN_c_Day,0.0
6PGLUCONDEHYDROG_RXN_c_Night,2.5586034909976147
6PGLUCONDEHYDROG_RXN_c_Open,0.0
6PGLUCONDEHYDROG_RXN_p_Close,0.15926819760352373
6PGLUCONDEHYDROG_RXN_p_Day,0.0
6PGLUCONDEHYDROG_RXN_p_Night,1.751950173638761
6PGLUCONDEHYDROG_RXN_p_Open,0.0
6PGLUCONOLACT_RXN_c_Close,0.14245745655194025
6PGLUCONOLACT_RXN_c_Day,0.0
6PGLUCONOLACT_RXN_c_Night,2.5586034909976147
6PGLUCONOLACT_RXN_c_Open,0.0
6PGLUCONOLACT_RXN_p_Close,0.15926819760352373
6PGLUCONOLACT_RXN_p_Day,0.0
6PGLUCONOLACT_RXN_p_Night,1.751950173638761
6PGLUCONOLACT_RXN_p_Open,0.0
6_PERIOD_3_PERIOD_4_PERIOD_16_RXN_p_Close,0.0
6_PERIOD_3_PERIOD_4_PERIOD_16_RXN_p_Day,0.0
6_PERIOD_3_PERIOD_4_PERIOD_16_RXN_p_Night,0.0
6_PERIOD_3_PERIOD_4_PERIOD_16_RXN_p_Open,0.0
ACETALD_mc_Close,0.0
ACETALD_mc_Day,0.0
ACETALD_mc_Night,0.0
ACETALD_mc_Open,0.0
ACETATE_COA_LIGASE_RXN_p_Close,0.0
ACETATE_COA_LIGASE_RXN_p_Day,0.0
ACETATE_COA_LIGASE_RXN_p_Night,0.0
ACETATE_COA_LIGASE_RXN_p_Open,0.0
ACETATE_COA_LIGASE_RXN_x_Close,0.0
ACETATE_COA_LIGASE_RXN_x_Day,0.0
ACETATE_COA_LIGASE_RXN_x_Night,0.0
ACETATE_COA_LIGASE_RXN_x_Open,0.0
ACETOLACTREDUCTOISOM_RXN_p_Close,0.0
ACETOLACTREDUCTOISOM_RXN_p_Day,0.0
ACETOLACTREDUCTOISOM_RXN_p_Night,0.0
ACETOLACTREDUCTOISOM_RXN_p_Open,0.0
ACETOLACTSYN_RXN_p_Close,0.0
ACETOLACTSYN_RXN_p_Day,0.0
ACETOLACTSYN_RXN_p_Night,0.0
ACETOLACTSYN_RXN_p_Open,0.0
ACETOOHBUTREDUCTOISOM_RXN_p_Close,0.0
ACETOOHBUTREDUCTOISOM_RXN_p_Day,0.0
ACETOOHBUTREDUCTOISOM_RXN_p_Night,0.0
ACETOOHBUTREDUCTOISOM_RXN_p_Open,0.0
ACETOOHBUTSYN_RXN_p_Close,0.0
ACETOOHBUTSYN_RXN_p_Day,0.0
ACETOOHBUTSYN_RXN_p_Night,0.0
ACETOOHBUTSYN_RXN_p_Open,0.0
ACETYLGLUTKIN_RXN_p_Close,0.0
ACETYLGLUTKIN_RXN_p_Day,0.0
ACETYLGLUTKIN_RXN_p_Night,0.0
ACETYLGLUTKIN_RXN_p_Open,0.0
ACETYLORNTRANSAM_RXN_p_Close,0.0
ACETYLORNTRANSAM_RXN_p_Day,0.0
ACETYLORNTRANSAM_RXN_p_Night,0.0
ACETYLORNTRANSAM_RXN_p_Open,0.0
ACETYL_COA_CARBOXYLTRANSFER_RXN_p_Close,0.0
ACETYL_COA_CARBOXYLTRANSFER_RXN_p_Day,0.0
ACETYL_COA_CARBOXYLTRANSFER_RXN_p_Night,0.0
ACETYL_COA_CARBOXYLTRANSFER_RXN_p_Open,0.0
ACET_mc_Close,0.0
ACET_mc_Day,0.0
ACET_mc_Night,0.0
ACET_mc_Open,0.0
ACET_pc_Close,0.0
ACET_pc_Day,0.0
ACET_pc_Night,0.0
ACET_pc_Open,0.0
ACET_xc_Close,0.0
ACET_xc_Day,0.0
ACET_xc_Night,0.0
ACET_xc_Open,0.0
ACONITATEDEHYDR_RXN_c_Close,0.3521578773102144
ACONITATEDEHYDR_RXN_c_Day,0.0
ACONITATEDEHYDR_RXN_c_Night,1.8905937125598151
ACONITATEDEHYDR_RXN_c_Open,0.0
ACONITATEDEHYDR_RXN_m_Close,0.0
ACONITATEDEHYDR_RXN_m_Day,0.0
ACONITATEDEHYDR_RXN_m_Night,0.0
ACONITATEDEHYDR_RXN_m_Open,0.0
ACONITATEHYDR_RXN_c_Close,0.0
ACONITATEHYDR_RXN_c_Day,0.0
ACONITATEHYDR_RXN_c_Night,0.0
ACONITATEHYDR_RXN_c_Open,0.0
ACONITATEHYDR_RXN_m_Close,0.3521578773102144
ACONITATEHYDR_RXN_m_Day,0.0
ACONITATEHYDR_RXN_m_Night,1.8905937125598151
ACONITATEHYDR_RXN_m_Open,0.0
ACSERLY_RXN_c_Close,0.0
ACSERLY_RXN_c_Day,0.0
ACSERLY_RXN_c_Night,0.0
ACSERLY_RXN_c_Open,0.0
ACSERLY_RXN_p_Close,0.0
ACSERLY_RXN_p_Day,0.0
ACSERLY_RXN_p_Night,0.0
ACSERLY_RXN_p_Open,0.0
ADENYLOSUCCINATE_SYNTHASE_RXN_p_Close,0.0
ADENYLOSUCCINATE_SYNTHASE_RXN_p_Day,0.0
ADENYLOSUCCINATE_SYNTHASE_RXN_p_Night,0.0
ADENYLOSUCCINATE_SYNTHASE_RXN_p_Open,0.0
ADENYL_KIN_RXN_c_Close,0.0
ADENYL_KIN_RXN_c_Day,0.0
ADENYL_KIN_RXN_c_Night,0.0
ADENYL_KIN_RXN_c_Open,0.0
ADENYL_KIN_RXN_m_Close,0.9
ADENYL_KIN_RXN_m_Day,0.0
ADENYL_KIN_RXN_m_Night,0.0
ADENYL_KIN_RXN_m_Open,0.0
ADENYL_KIN_RXN_p_Close,0.0
ADENYL_KIN_RXN_p_Day,0.0
ADENYL_KIN_RXN_p_Night,0.0
ADENYL_KIN_RXN_p_Open,0.0
ADP_pc_Close,0.0
ADP_pc_Day,0.0
ADP_pc_Night,0.0
ADP_pc_Open,0.0
AICARTRANSFORM_RXN_p_Close,0.0
AICARTRANSFORM_RXN_p_Day,0.0
AICARTRANSFORM_RXN_p_Night,0.0
AICARTRANSFORM_RXN_p_Open,0.0
ALANINE_AMINOTRANSFERASE_RXN_c_Close,0.0
ALANINE_AMINOTRANSFERASE_RXN_c_Day,0.0
ALANINE_AMINOTRANSFERASE_RXN_c_Night,0.0
ALANINE_AMINOTRANSFERASE_RXN_c_Open,0.0
ALANINE_AMINOTRANSFERASE_RXN_m_Close,0.0
ALANINE_AMINOTRANSFERASE_RXN_m_Day,0.0
ALANINE_AMINOTRANSFERASE_RXN_m_Night,0.0
ALANINE_AMINOTRANSFERASE_RXN_m_Open,0.0
ALANINE_AMINOTRANSFERASE_RXN_x_Close,0.0
ALANINE_AMINOTRANSFERASE_RXN_x_Day,0.0
ALANINE_AMINOTRANSFERASE_RXN_x_Night,0.0
ALANINE_AMINOTRANSFERASE_RXN_x_Open,0.0
ALANINE_GLYOXYLATE_AMINOTRANSFERASE_RXN_x_Close,0.0
ALANINE_GLYOXYLATE_AMINOTRANSFERASE_RXN_x_Day,0.0
ALANINE_GLYOXYLATE_AMINOTRANSFERASE_RXN_x_Night,0.0
ALANINE_GLYOXYLATE_AMINOTRANSFERASE_RXN_x_Open,0.0
ALANINE_TRNA_LIGASE_RXN_c_Close,0.0
ALANINE_TRNA_LIGASE_RXN_c_Day,0.0
ALANINE_TRNA_LIGASE_RXN_c_Night,0.0
ALANINE_TRNA_LIGASE_RXN_c_Open,0.0
ALCOHOL_DEHYDROG_RXN_c_Close,0.0
ALCOHOL_DEHYDROG_RXN_c_Day,0.0
ALCOHOL_DEHYDROG_RXN_c_Night,0.0
ALCOHOL_DEHYDROG_RXN_c_Open,0.0
AMPSYN_RXN_p_Close,0.0
AMPSYN_RXN_p_Day,0.0
AMPSYN_RXN_p_Night,0.0
AMPSYN_RXN_p_Open,0.0
AMP_ATP_xc_Close,0.0
AMP_ATP_xc_Day,0.0
AMP_ATP_xc_Night,0.0
AMP_ATP_xc_Open,0.0
AMP_pc_Close,0.0
AMP_pc_Day,0.0
AMP_pc_Night,0.0
AMP_pc_Open,0.0
ANTHRANSYN_RXN_p_Close,0.0
ANTHRANSYN_RXN_p_Day,0.0
ANTHRANSYN_RXN_p_Night,0.0
ANTHRANSYN_RXN_p_Open,0.0
ARGININE_TRNA_LIGASE_RXN_c_Close,0.0
ARGININE_TRNA_LIGASE_RXN_c_Day,0.0
ARGININE_TRNA_LIGASE_RXN_c_Night,0.0
ARGININE_TRNA_LIGASE_RXN_c_Open,0.0
ARGSUCCINLYA_RXN_c_Close,0.0
ARGSUCCINLYA_RXN_c_Day,0.0
ARGSUCCINLYA_RXN_c_Night,0.0
ARGSUCCINLYA_RXN_c_Open,0.0
ARGSUCCINSYN_RXN_c_Close,0.0
ARGSUCCINSYN_RXN_c_Day,0.0
ARGSUCCINSYN_RXN_c_Night,0.0
ARGSUCCINSYN_RXN_c_Open,0.0
ARG_CITRULLINE_mc_Close,0.0
ARG_CITRULLINE_mc_Day,0.0
ARG_CITRULLINE_mc_Night,0.0
ARG_CITRULLINE_mc_Open,0.0
ARG_HIS_mc_Close,0.0
ARG_HIS_mc_Day,0.0
ARG_HIS_mc_Night,0.0
ARG_HIS_mc_Open,0.0
ARG_LYS_mc_Close,0.0
ARG_LYS_mc_Day,0.0
ARG_LYS_mc_Night,0.0
ARG_LYS_mc_Open,0.0
ARG_ORNITHINE_mc_Close,0.0
ARG_ORNITHINE_mc_Day,0.0
ARG_ORNITHINE_mc_Night,0.0
ARG_ORNITHINE_mc_Open,0.0
ARG_PROTON_rev_vc_Close,0.0
ARG_PROTON_rev_vc_Day,0.0
ARG_PROTON_rev_vc_Night,0.0
ARG_PROTON_rev_vc_Open,0.0
ARG_PROTON_vc_Close,0.0
ARG_PROTON_vc_Day,0.0
ARG_PROTON_vc_Night,0.0
ARG_PROTON_vc_Open,0.0
ARG_mc_Close,0.0
ARG_mc_Day,0.0
ARG_mc_Night,0.0
ARG_mc_Open,0.0
ASNSYNA_RXN_c_Close,0.0
ASNSYNA_RXN_c_Day,0.0
ASNSYNA_RXN_c_Night,0.0
ASNSYNA_RXN_c_Open,0.0
ASN_PROTON_rev_vc_Close,0.0
ASN_PROTON_rev_vc_Day,0.0
ASN_PROTON_rev_vc_Night,0.0
ASN_PROTON_rev_vc_Open,0.0
ASN_PROTON_vc_Close,0.0
ASN_PROTON_vc_Day,0.0
ASN_PROTON_vc_Night,0.0
ASN_PROTON_vc_Open,0.0
ASPAMINOTRANS_RXN_c_Close,0.0
ASPAMINOTRANS_RXN_c_Day,0.0
ASPAMINOTRANS_RXN_c_Night,0.0
ASPAMINOTRANS_RXN_c_Open,0.0
ASPAMINOTRANS_RXN_m_Close,0.0
ASPAMINOTRANS_RXN_m_Day,0.0
ASPAMINOTRANS_RXN_m_Night,0.0
ASPAMINOTRANS_RXN_m_Open,0.0
ASPAMINOTRANS_RXN_p_Close,0.0
ASPAMINOTRANS_RXN_p_Day,0.0
ASPAMINOTRANS_RXN_p_Night,0.0
ASPAMINOTRANS_RXN_p_Open,0.0
ASPAMINOTRANS_RXN_x_Close,0.0
ASPAMINOTRANS_RXN_x_Day,0.0
ASPAMINOTRANS_RXN_x_Night,0.0
ASPAMINOTRANS_RXN_x_Open,0.0
ASPARAGINE_TRNA_LIGASE_RXN_c_Close,0.0
ASPARAGINE_TRNA_LIGASE_RXN_c_Day,0.0
ASPARAGINE_TRNA_LIGASE_RXN_c_Night,0.0
ASPARAGINE_TRNA_LIGASE_RXN_c_Open,0.0
ASPARTATEKIN_RXN_p_Close,0.0
ASPARTATEKIN_RXN_p_Day,0.0
ASPARTATEKIN_RXN_p_Night,0.0
ASPARTATEKIN_RXN_p_Open,0.0
ASPARTATE_SEMIALDEHYDE_DEHYDROGENASE_RXN_p_Close,0.0
ASPARTATE_SEMIALDEHYDE_DEHYDROGENASE_RXN_p_Day,0.0
ASPARTATE_SEMIALDEHYDE_DEHYDROGENASE_RXN_p_Night,0.0
ASPARTATE_SEMIALDEHYDE_DEHYDROGENASE_RXN_p_Open,0.0
ASPARTATE_TRNA_LIGASE_RXN_c_Close,0.0
ASPARTATE_TRNA_LIGASE_RXN_c_Day,0.0
ASPARTATE_TRNA_LIGASE_RXN_c_Night,0.0
ASPARTATE_TRNA_LIGASE_RXN_c_Open,0.0
ATPPHOSPHORIBOSYLTRANS_RXN_p_Close,0.0
ATPPHOSPHORIBOSYLTRANS_RXN_p_Day,0.0
ATPPHOSPHORIBOSYLTRANS_RXN_p_Night,0.0
ATPPHOSPHORIBOSYLTRANS_RXN_p_Open,0.0
ATP_ADP_Pi_pc_Close,-1.1209003569569462
ATP_ADP_Pi_pc_Day,13.103870113317203
ATP_ADP_Pi_pc_Night,0.0
ATP_ADP_Pi_pc_Open,1.7510794402818852
ATP_ADP_mc_Close,3.411936584191175
ATP_ADP_mc_Day,19.331233012180487
ATP_ADP_mc_Night,27.980786945885285
ATP_ADP_mc_Open,2.9194108655628677
ATP_AMP_mc_Close,0.9
ATP_AMP_mc_Day,0.0
ATP_AMP_mc_Night,0.0
ATP_AMP_mc_Open,0.0
ATP_CITRATE_PRO_S_LYASE_RXN_c_Close,0.0
ATP_CITRATE_PRO_S_LYASE_RXN_c_Day,0.0
ATP_CITRATE_PRO_S_LYASE_RXN_c_Night,0.0
ATP_CITRATE_PRO_S_LYASE_RXN_c_Open,0.0
ATP_pc_Close,0.0
ATP_pc_Day,0.0
ATP_pc_Night,0.0
ATP_pc_Open,0.0
ATPase_tx_Close,2.866827556863427
ATPase_tx_Day,31.5351031254977
ATPase_tx_Night,31.5351031254977
ATPase_tx_Open,2.866827556863427
BRANCHED_CHAINAMINOTRANSFERILEU_RXN_p_Close,0.0
BRANCHED_CHAINAMINOTRANSFERILEU_RXN_p_Day,0.0
BRANCHED_CHAINAMINOTRANSFERILEU_RXN_p_Night,0.0
BRANCHED_CHAINAMINOTRANSFERILEU_RXN_p_Open,0.0
BRANCHED_CHAINAMINOTRANSFERLEU_RXN_p_Close,0.0
BRANCHED_CHAINAMINOTRANSFERLEU_RXN_p_Day,0.0
BRANCHED_CHAINAMINOTRANSFERLEU_RXN_p_Night,0.0
BRANCHED_CHAINAMINOTRANSFERLEU_RXN_p_Open,0.0
BRANCHED_CHAINAMINOTRANSFERVAL_RXN_p_Close,0.0
BRANCHED_CHAINAMINOTRANSFERVAL_RXN_p_Day,0.0
BRANCHED_CHAINAMINOTRANSFERVAL_RXN_p_Night,0.0
BRANCHED_CHAINAMINOTRANSFERVAL_RXN_p_Open,0.0
Biomass_tx_Close,0.0
Biomass_tx_Day,0.0
Biomass_tx_Night,0.0
Biomass_tx_Open,0.0
CA2_rev_vc_Close,0.0
CA2_rev_vc_Day,0.0
CA2_rev_vc_Night,0.0
CA2_rev_vc_Open,0.0
CARBAMATE_KINASE_RXN_p_Close,0.0
CARBAMATE_KINASE_RXN_p_Day,0.0
CARBAMATE_KINASE_RXN_p_Night,0.0
CARBAMATE_KINASE_RXN_p_Open,0.0
CARBOXYCYCLOHEXADIENYL_DEHYDRATASE_RXN_p_Close,0.0
CARBOXYCYCLOHEXADIENYL_DEHYDRATASE_RXN_p_Day,0.0
CARBOXYCYCLOHEXADIENYL_DEHYDRATASE_RXN_p_Night,0.0
CARBOXYCYCLOHEXADIENYL_DEHYDRATASE_RXN_p_Open,0.0
CATAL_RXN_x_Close,0.0
CATAL_RXN_x_Day,0.5169704119445443
CATAL_RXN_x_Night,0.0
CATAL_RXN_x_Open,0.023136405735838916
CELLULOSE_SYNTHASE_GDP_FORMING_RXN_c_Close,0.0
CELLULOSE_SYNTHASE_GDP_FORMING_RXN_c_Day,0.0
CELLULOSE_SYNTHASE_GDP_FORMING_RXN_c_Night,0.0
CELLULOSE_SYNTHASE_GDP_FORMING_RXN_c_Open,0.0
CELLULOSE_SYNTHASE_UDP_FORMING_RXN_c_Close,0.0
CELLULOSE_SYNTHASE_UDP_FORMING_RXN_c_Day,0.0
CELLULOSE_SYNTHASE_UDP_FORMING_RXN_c_Night,0.0
CELLULOSE_SYNTHASE_UDP_FORMING_RXN_c_Open,0.0
CHORISMATEMUT_RXN_p_Close,0.0
CHORISMATEMUT_RXN_p_Day,0.0
CHORISMATEMUT_RXN_p_Night,0.0
CHORISMATEMUT_RXN_p_Open,0.0
CHORISMATE_SYNTHASE_RXN_p_Close,0.0
CHORISMATE_SYNTHASE_RXN_p_Day,0.0
CHORISMATE_SYNTHASE_RXN_p_Night,0.0
CHORISMATE_SYNTHASE_RXN_p_Open,0.0
CITSYN_RXN_m_Close,0.3521578773102144
CITSYN_RXN_m_Day,0.0
CITSYN_RXN_m_Night,1.8905937125598151
CITSYN_RXN_m_Open,0.0
CITSYN_RXN_x_Close,0.0
CITSYN_RXN_x_Day,0.0
CITSYN_RXN_x_Night,0.0
CITSYN_RXN_x_Open,0.0
CIT_ACONITATE_mc_Close,0.3521578773102144
CIT_ACONITATE_mc_Day,0.0
CIT_ACONITATE_mc_Night,0.27728707784210815
CIT_ACONITATE_mc_Open,0.0
CIT_ISOCITRATE_mc_Close,0.0
CIT_ISOCITRATE_mc_Day,0.0
CIT_ISOCITRATE_mc_Night,1.613306634717707
CIT_ISOCITRATE_mc_Open,0.0
CIT_PROTON_rev_vc_Close,0.0
CIT_PROTON_rev_vc_Day,0.0
CIT_PROTON_rev_vc_Night,0.0
CIT_PROTON_rev_vc_Open,0.0
CIT_PROTON_vc_Close,0.0
CIT_PROTON_vc_Day,0.0
CIT_PROTON_vc_Night,0.0
CIT_PROTON_vc_Open,0.0
CIT_xc_Close,0.0
CIT_xc_Day,0.0
CIT_xc_Night,0.0
CIT_xc_Open,0.0
CO2_ec_Close,-1.358199286086107
CO2_ec_Day,2.584852059722705
CO2_ec_Night,-9.98233480231582
CO2_ec_Open,0.11568202867920829
CO2_mc_Close,1.022852149827476
CO2_mc_Day,4.020870759222065
CO2_mc_Night,7.285087772397152
CO2_mc_Open,0.3416728009428721
CO2_pc_Close,0.15926819760352373
CO2_pc_Day,-3.1018224716672536
CO2_pc_Night,1.751950173638761
CO2_pc_Open,-0.1388184344150335
CO2_tx_Close,-1.358199286086107
CO2_tx_Day,2.584852059722705
CO2_tx_Night,-9.98233480231582
CO2_tx_Open,0.11568202867920829
CONIFERIN_BETA_GLUCOSIDASE_RXN_c_Close,0.0
CONIFERIN_BETA_GLUCOSIDASE_RXN_c_Day,0.0
CONIFERIN_BETA_GLUCOSIDASE_RXN_c_Night,0.0
CONIFERIN_BETA_GLUCOSIDASE_RXN_c_Open,0.0
CYSPH_RXN_p_Close,0.0
CYSPH_RXN_p_Day,0.0
CYSPH_RXN_p_Night,0.0
CYSPH_RXN_p_Open,0.0
CYSTAGLY_RXN_p_Close,0.0
CYSTAGLY_RXN_p_Day,0.0
CYSTAGLY_RXN_p_Night,0.0
CYSTAGLY_RXN_p_Open,0.0
CYSTATHIONINE_BETA_LYASE_RXN_p_Close,0.0
CYSTATHIONINE_BETA_LYASE_RXN_p_Day,0.0
CYSTATHIONINE_BETA_LYASE_RXN_p_Night,0.0
CYSTATHIONINE_BETA_LYASE_RXN_p_Open,0.0
CYS_PROTON_rev_vc_Close,0.0
CYS_PROTON_rev_vc_Day,0.0
CYS_PROTON_rev_vc_Night,0.0
CYS_PROTON_rev_vc_Open,0.0
CYS_PROTON_vc_Close,0.0
CYS_PROTON_vc_Day,0.0
CYS_PROTON_vc_Night,0.0
CYS_PROTON_vc_Open,0.0
CYTOCHROME_C_OXIDASE_RXN_mc_Close,0.0
CYTOCHROME_C_OXIDASE_RXN_mc_Day,0.0
CYTOCHROME_C_OXIDASE_RXN_mc_Night,0.0
CYTOCHROME_C_OXIDASE_RXN_mc_Open,0.0
CYTOCHROME_C_OXIDASE_RXN_mi_Close,0.8803946932755362
CYTOCHROME_C_OXIDASE_RXN_mi_Day,3.2821853834236143
CYTOCHROME_C_OXIDASE_RXN_mi_Night,4.72648428139954
CYTOCHROME_C_OXIDASE_RXN_mi_Open,0.489267724929657
Ca_biomass_Close,0.0
Ca_biomass_Day,0.0
Ca_biomass_Night,0.0
Ca_biomass_Open,0.0
Ca_ec_Close,0.0
Ca_ec_Day,0.0
Ca_ec_Night,0.0
Ca_ec_Open,0.0
Ca_tx_Close,0.0
Ca_tx_Day,0.0
Ca_tx_Night,0.0
Ca_tx_Open,0.0
Cellulose_biomass_Close,0.0
Cellulose_biomass_Day,0.0
Cellulose_biomass_Night,0.0
Cellulose_biomass_Open,0.0
Cl_CloseNight_storage,0.0
Cl_DayClose_storage,0.0
Cl_NightOpen_storage,0.0
Cl_OpenDay_storage,0.5
Cl_ec_Close,0.0
Cl_ec_Day,0.0
Cl_ec_Night,0.0
Cl_ec_Open,0.5
Cl_rev_ec_Close,0.0
Cl_rev_ec_Day,0.5
Cl_rev_ec_Night,0.0
Cl_rev_ec_Open,0.0
Cl_rev_vc_Close,0.0
Cl_rev_vc_Day,0.0
Cl_rev_vc_Night,0.0
Cl_rev_vc_Open,0.25
Cl_tx_Close,0.0
Cl_tx_Day,-0.5
Cl_tx_Night,0.0
Cl_tx_Open,0.5
Cl_vc_Close,0.0
Cl_vc_Day,0.5
Cl_vc_Night,0.0
Cl_vc_Open,0.0
DAHPSYN_RXN_p_Close,0.0
DAHPSYN_RXN_p_Day,0.0
DAHPSYN_RXN_p_Night,0.0
DAHPSYN_RXN_p_Open,0.0
DHAP_3PGA_pc_Close,0.0
DHAP_3PGA_pc_Day,0.0
DHAP_3PGA_pc_Night,0.0
DHAP_3PGA_pc_Open,0.0
DHAP_Pi_pc_Close,0.0
DHAP_Pi_pc_Day,0.0
DHAP_Pi_pc_Night,0.0
DHAP_Pi_pc_Open,0.0
DIAMINOPIMDECARB_RXN_p_Close,0.0
DIAMINOPIMDECARB_RXN_p_Day,0.0
DIAMINOPIMDECARB_RXN_p_Night,0.0
DIAMINOPIMDECARB_RXN_p_Open,0.0
DIAMINOPIMEPIM_RXN_p_Close,0.0
DIAMINOPIMEPIM_RXN_p_Day,0.0
DIAMINOPIMEPIM_RXN_p_Night,0.0
DIAMINOPIMEPIM_RXN_p_Open,0.0
DIHYDRODIPICSYN_RXN_p_Close,0.0
DIHYDRODIPICSYN_RXN_p_Day,0.0
DIHYDRODIPICSYN_RXN_p_Night,0.0
DIHYDRODIPICSYN_RXN_p_Open,0.0
DIHYDROPICRED_RXN_NADP_p_Close,0.0
DIHYDROPICRED_RXN_NADP_p_Day,0.0
DIHYDROPICRED_RXN_NADP_p_Night,0.0
DIHYDROPICRED_RXN_NADP_p_Open,0.0
DIHYDROPICRED_RXN_NAD_p_Close,0.0
DIHYDROPICRED_RXN_NAD_p_Day,0.0
DIHYDROPICRED_RXN_NAD_p_Night,0.0
DIHYDROPICRED_RXN_NAD_p_Open,0.0
DIHYDROXYISOVALDEHYDRAT_RXN_p_Close,0.0
DIHYDROXYISOVALDEHYDRAT_RXN_p_Day,0.0
DIHYDROXYISOVALDEHYDRAT_RXN_p_Night,0.0
DIHYDROXYISOVALDEHYDRAT_RXN_p_Open,0.0
DIHYDROXYMETVALDEHYDRAT_RXN_p_Close,0.0
DIHYDROXYMETVALDEHYDRAT_RXN_p_Day,0.0
DIHYDROXYMETVALDEHYDRAT_RXN_p_Night,0.0
DIHYDROXYMETVALDEHYDRAT_RXN_p_Open,0.0
F16ALDOLASE_RXN_c_Close,0.1257913296291966
F16ALDOLASE_RXN_c_Day,-0.7199999999999646
F16ALDOLASE_RXN_c_Night,0.2268712455071783
F16ALDOLASE_RXN_c_Open,-0.14267450203735257
F16ALDOLASE_RXN_p_Close,0.0
F16ALDOLASE_RXN_p_Day,-1.0893964418059432
F16ALDOLASE_RXN_p_Night,0.0
F16ALDOLASE_RXN_p_Open,0.0
F16BDEPHOS_RXN_c_Close,0.0
F16BDEPHOS_RXN_c_Day,0.0
F16BDEPHOS_RXN_c_Night,0.0
F16BDEPHOS_RXN_c_Open,0.0
F16BDEPHOS_RXN_p_Close,0.0
F16BDEPHOS_RXN_p_Day,1.0893964418059432
F16BDEPHOS_RXN_p_Night,0.0
F16BDEPHOS_RXN_p_Open,0.0
FERREDOXIN_NITRITE_REDUCTASE_RXN_p_Close,0.0
FERREDOXIN_NITRITE_REDUCTASE_RXN_p_Day,0.0
FERREDOXIN_NITRITE_REDUCTASE_RXN_p_Night,0.0
FERREDOXIN_NITRITE_REDUCTASE_RXN_p_Open,0.0
FERRIC_CHELATE_REDUCTASE_RXN_c_Close,0.0
FERRIC_CHELATE_REDUCTASE_RXN_c_Day,0.0
FERRIC_CHELATE_REDUCTASE_RXN_c_Night,0.0
FERRIC_CHELATE_REDUCTASE_RXN_c_Open,0.0
FORMATETHFLIG_RXN_p_Close,0.0
FORMATETHFLIG_RXN_p_Day,0.0
FORMATETHFLIG_RXN_p_Night,0.0
FORMATETHFLIG_RXN_p_Open,0.0
FORMATE_mc_Close,0.0
FORMATE_mc_Day,0.0
FORMATE_mc_Night,0.0
FORMATE_mc_Open,0.0
FORMATE_pc_Close,0.0
FORMATE_pc_Day,0.0
FORMATE_pc_Night,0.0
FORMATE_pc_Open,0.0
FORMYLTHFDEFORMYL_RXN_p_Close,0.0
FORMYLTHFDEFORMYL_RXN_p_Day,0.0
FORMYLTHFDEFORMYL_RXN_p_Night,0.0
FORMYLTHFDEFORMYL_RXN_p_Open,0.0
FRUCTOKINASE_RXN_c_Close,0.9
FRUCTOKINASE_RXN_c_Day,0.0
FRUCTOKINASE_RXN_c_Night,0.0
FRUCTOKINASE_RXN_c_Open,0.0
FRU_PROTON_rev_vc_Close,0.0
FRU_PROTON_rev_vc_Day,0.0
FRU_PROTON_rev_vc_Night,0.0
FRU_PROTON_rev_vc_Open,0.0
FRU_vc_Close,0.0
FRU_vc_Day,0.0
FRU_vc_Night,0.0
FRU_vc_Open,0.0
FUMHYDR_RXN_c_Close,0.0
FUMHYDR_RXN_c_Day,0.0
FUMHYDR_RXN_c_Night,0.0
FUMHYDR_RXN_c_Open,0.0
FUMHYDR_RXN_m_Close,0.3521578773102144
FUMHYDR_RXN_m_Day,0.0
FUMHYDR_RXN_m_Night,1.8905937125598151
FUMHYDR_RXN_m_Open,0.0
FUM_PROTON_vc_Close,0.0
FUM_PROTON_vc_Day,0.0
FUM_PROTON_vc_Night,0.0
FUM_PROTON_vc_Open,0.0
FUM_pc_Close,0.0
FUM_pc_Day,0.0
FUM_pc_Night,0.0
FUM_pc_Open,0.0
FattyAcid_biomass_Close,0.0
FattyAcid_biomass_Day,0.0
FattyAcid_biomass_Night,0.0
FattyAcid_biomass_Open,0.0
Ferredoxin_Plastoquinone_Reductase_p_Close,0.0
Ferredoxin_Plastoquinone_Reductase_p_Day,0.0
Ferredoxin_Plastoquinone_Reductase_p_Night,0.0
Ferredoxin_Plastoquinone_Reductase_p_Open,0.0
G6P_Pi_pc_Close,-1.5317512138188631
G6P_Pi_pc_Day,-0.35999999999996446
G6P_Pi_pc_Night,2.785474736504793
G6P_Pi_pc_Open,-0.14267450203735257
GABATRANSAM_RXN_m_Close,0.0
GABATRANSAM_RXN_m_Day,0.0
GABATRANSAM_RXN_m_Night,0.0
GABATRANSAM_RXN_m_Open,0.0
GAPOXNPHOSPHN_RXN_c_Close,0.2515826592583932
GAPOXNPHOSPHN_RXN_c_Day,0.0
GAPOXNPHOSPHN_RXN_c_Night,1.8905937125598151
GAPOXNPHOSPHN_RXN_c_Open,0.0
GAPOXNPHOSPHN_RXN_p_Close,0.10057521805182133
GAPOXNPHOSPHN_RXN_p_Day,0.0
GAPOXNPHOSPHN_RXN_p_Night,0.0
GAPOXNPHOSPHN_RXN_p_Open,0.0
GAP_3PGA_pc_Close,0.0
GAP_3PGA_pc_Day,7.007800694555046
GAP_3PGA_pc_Night,0.0
GAP_3PGA_pc_Open,0.6370727904140929
GAP_Pi_pc_Close,0.0
GAP_Pi_pc_Day,1.4399999999999231
GAP_Pi_pc_Night,1.4368512215454585
GAP_Pi_pc_Open,0.28534900407470515
GCVMULTI_RXN_m_Close,0.0
GCVMULTI_RXN_m_Day,0.5169704119445454
GCVMULTI_RXN_m_Night,0.0
GCVMULTI_RXN_m_Open,0.023136405735824622
GDPKIN_RXN_c_Close,0.0
GDPKIN_RXN_c_Day,0.0
GDPKIN_RXN_c_Night,0.0
GDPKIN_RXN_c_Open,0.0
GDPKIN_RXN_m_Close,0.0
GDPKIN_RXN_m_Day,0.0
GDPKIN_RXN_m_Night,0.0
GDPKIN_RXN_m_Open,0.0
GDPKIN_RXN_p_Close,0.0
GDPKIN_RXN_p_Day,0.0
GDPKIN_RXN_p_Night,0.0
GDPKIN_RXN_p_Open,0.0
GLC_PROTON_rev_vc_Close,0.0
GLC_PROTON_rev_vc_Day,0.0
GLC_PROTON_rev_vc_Night,0.0
GLC_PROTON_rev_vc_Open,0.0
GLC_ec_Close,0.0
GLC_ec_Day,0.0
GLC_ec_Night,0.0
GLC_ec_Open,0.0
GLC_pc_Close,0.0
GLC_pc_Day,0.0
GLC_pc_Night,0.0
GLC_pc_Open,0.0
GLC_tx_Close,0.0
GLC_tx_Day,0.0
GLC_tx_Night,0.0
GLC_tx_Open,0.0
GLC_vc_Close,0.0
GLC_vc_Day,0.0
GLC_vc_Night,0.0
GLC_vc_Open,0.0
GLN_GLU_mc_Close,0.0
GLN_GLU_mc_Day,0.5169704119445441
GLN_GLU_mc_Night,0.0
GLN_GLU_mc_Open,0.023136405735824126
GLN_GLU_pc_Close,0.0
GLN_GLU_pc_Day,-0.5169704119445441
GLN_GLU_pc_Night,0.0
GLN_GLU_pc_Open,-0.023136405735824126
GLN_PROTON_rev_vc_Close,0.0
GLN_PROTON_rev_vc_Day,0.0
GLN_PROTON_rev_vc_Night,0.0
GLN_PROTON_rev_vc_Open,0.0
GLN_PROTON_vc_Close,0.0
GLN_PROTON_vc_Day,0.0
GLN_PROTON_vc_Night,0.0
GLN_PROTON_vc_Open,0.0
GLT_MAL_pc_Close,0.0
GLT_MAL_pc_Day,0.5169704119445393
GLT_MAL_pc_Night,0.0
GLT_MAL_pc_Open,0.023136405735810328
GLT_PROTON_rev_vc_Close,0.0
GLT_PROTON_rev_vc_Day,0.0
GLT_PROTON_rev_vc_Night,0.0
GLT_PROTON_rev_vc_Open,0.0
GLT_PROTON_vc_Close,0.0
GLT_PROTON_vc_Day,0.0
GLT_PROTON_vc_Night,0.0
GLT_PROTON_vc_Open,0.0
GLT_xc_Close,0.0
GLT_xc_Day,-0.5169704119445475
GLT_xc_Night,0.0
GLT_xc_Open,-0.023136405735808906
GLU6PDEHYDROG_RXN_c_Close,0.14245745655194025
GLU6PDEHYDROG_RXN_c_Day,0.0
GLU6PDEHYDROG_RXN_c_Night,2.5586034909976147
GLU6PDEHYDROG_RXN_c_Open,0.0
GLU6PDEHYDROG_RXN_p_Close,0.15926819760352373
GLU6PDEHYDROG_RXN_p_Day,0.0
GLU6PDEHYDROG_RXN_p_Night,1.751950173638761
GLU6PDEHYDROG_RXN_p_Open,0.0
GLUC1PADENYLTRANS_RXN_p_Close,1.573633452318982
GLUC1PADENYLTRANS_RXN_p_Day,0.07080867662045634
GLUC1PADENYLTRANS_RXN_p_Night,0.0
GLUC1PADENYLTRANS_RXN_p_Open,0.019280338113198542
GLUC1PURIDYLTRANS_RXN_c_Close,-0.9
GLUC1PURIDYLTRANS_RXN_c_Day,0.18000000000000005
GLUC1PURIDYLTRANS_RXN_c_Night,0.0
GLUC1PURIDYLTRANS_RXN_c_Open,0.0
GLUCOKIN_RXN_c_Close,0.0
GLUCOKIN_RXN_c_Day,0.0
GLUCOKIN_RXN_c_Night,0.0
GLUCOKIN_RXN_c_Open,0.0
GLUCOKIN_RXN_p_Close,0.0
GLUCOKIN_RXN_p_Day,0.0
GLUCOKIN_RXN_p_Night,0.0
GLUCOKIN_RXN_p_Open,0.0
GLUCURONOKINASE_RXN_c_Close,0.0
GLUCURONOKINASE_RXN_c_Day,0.0
GLUCURONOKINASE_RXN_c_Night,0.0
GLUCURONOKINASE_RXN_c_Open,0.0
GLURS_RXN_c_Close,0.0
GLURS_RXN_c_Day,0.0
GLURS_RXN_c_Night,0.0
GLURS_RXN_c_Open,0.0
GLUTAMATE_DEHYDROGENASE_RXN_m_Close,0.0
GLUTAMATE_DEHYDROGENASE_RXN_m_Day,0.0
GLUTAMATE_DEHYDROGENASE_RXN_m_Night,0.0
GLUTAMATE_DEHYDROGENASE_RXN_m_Open,0.0
GLUTAMATE_N_ACETYLTRANSFERASE_RXN_p_Close,0.0
GLUTAMATE_N_ACETYLTRANSFERASE_RXN_p_Day,0.0
GLUTAMATE_N_ACETYLTRANSFERASE_RXN_p_Night,0.0
GLUTAMATE_N_ACETYLTRANSFERASE_RXN_p_Open,0.0
GLUTAMATE_SYNTHASE_FERREDOXIN_RXN_p_Close,0.0
GLUTAMATE_SYNTHASE_FERREDOXIN_RXN_p_Day,0.5169704119445485
GLUTAMATE_SYNTHASE_FERREDOXIN_RXN_p_Night,0.0
GLUTAMATE_SYNTHASE_FERREDOXIN_RXN_p_Open,0.023136405735824622
GLUTAMATE_SYNTHASE_NADH_RXN_p_Close,0.0
GLUTAMATE_SYNTHASE_NADH_RXN_p_Day,0.0
GLUTAMATE_SYNTHASE_NADH_RXN_p_Night,0.0
GLUTAMATE_SYNTHASE_NADH_RXN_p_Open,0.0
GLUTAMIDOTRANS_RXN_p_Close,0.0
GLUTAMIDOTRANS_RXN_p_Day,0.0
GLUTAMIDOTRANS_RXN_p_Night,0.0
GLUTAMIDOTRANS_RXN_p_Open,0.0
GLUTAMINESYN_RXN_c_Close,0.0
GLUTAMINESYN_RXN_c_Day,0.0
GLUTAMINESYN_RXN_c_Night,0.0
GLUTAMINESYN_RXN_c_Open,0.0
GLUTAMINESYN_RXN_m_Close,0.0
GLUTAMINESYN_RXN_m_Day,0.5169704119445441
GLUTAMINESYN_RXN_m_Night,0.0
GLUTAMINESYN_RXN_m_Open,0.023136405735824126
GLUTAMINESYN_RXN_p_Close,0.0
GLUTAMINESYN_RXN_p_Day,0.0
GLUTAMINESYN_RXN_p_Night,0.0
GLUTAMINESYN_RXN_p_Open,0.0
GLUTAMINE_TRNA_LIGASE_RXN_c_Close,0.0
GLUTAMINE_TRNA_LIGASE_RXN_c_Day,0.0
GLUTAMINE_TRNA_LIGASE_RXN_c_Night,0.0
GLUTAMINE_TRNA_LIGASE_RXN_c_Open,0.0
GLUTATHIONE_PEROXIDASE_RXN_p_Close,0.0
GLUTATHIONE_PEROXIDASE_RXN_p_Day,0.0
GLUTATHIONE_PEROXIDASE_RXN_p_Night,0.0
GLUTATHIONE_PEROXIDASE_RXN_p_Open,0.0
GLUTATHIONE_REDUCT_NADPH_RXN_p_Close,0.0
GLUTATHIONE_REDUCT_NADPH_RXN_p_Day,0.0
GLUTATHIONE_REDUCT_NADPH_RXN_p_Night,0.0
GLUTATHIONE_REDUCT_NADPH_RXN_p_Open,0.0
GLUTDECARBOX_RXN_c_Close,0.0
GLUTDECARBOX_RXN_c_Day,0.0
GLUTDECARBOX_RXN_c_Night,0.0
GLUTDECARBOX_RXN_c_Open,0.0
GLUTKIN_RXN_c_Close,0.0
GLUTKIN_RXN_c_Day,0.0
GLUTKIN_RXN_c_Night,0.0
GLUTKIN_RXN_c_Open,0.0
GLUTSEMIALDEHYDRROG_RXN_c_Close,0.0
GLUTSEMIALDEHYDRROG_RXN_c_Day,0.0
GLUTSEMIALDEHYDRROG_RXN_c_Night,0.0
GLUTSEMIALDEHYDRROG_RXN_c_Open,0.0
GLY3KIN_RXN_p_Close,0.0
GLY3KIN_RXN_p_Day,0.5169704119445443
GLY3KIN_RXN_p_Night,0.0
GLY3KIN_RXN_p_Open,0.023136405735838916
GLYC3PDEHYDROGBIOSYN_RXN_c_Close,0.0
GLYC3PDEHYDROGBIOSYN_RXN_c_Day,0.0
GLYC3PDEHYDROGBIOSYN_RXN_c_Night,0.0
GLYC3PDEHYDROGBIOSYN_RXN_c_Open,0.0
GLYCERATE_GLYCOLLATE_pc_Close,0.0
GLYCERATE_GLYCOLLATE_pc_Day,0.5169704119445443
GLYCERATE_GLYCOLLATE_pc_Night,0.0
GLYCERATE_GLYCOLLATE_pc_Open,0.023136405735838916
GLYCINE_AMINOTRANSFERASE_RXN_x_Close,0.0
GLYCINE_AMINOTRANSFERASE_RXN_x_Day,0.5169704119445475
GLYCINE_AMINOTRANSFERASE_RXN_x_Night,0.0
GLYCINE_AMINOTRANSFERASE_RXN_x_Open,0.023136405735808906
GLYCINE_TRNA_LIGASE_RXN_c_Close,0.0
GLYCINE_TRNA_LIGASE_RXN_c_Day,0.0
GLYCINE_TRNA_LIGASE_RXN_c_Night,0.0
GLYCINE_TRNA_LIGASE_RXN_c_Open,0.0
GLYCOGENSYN_RXN_p_Close,1.573633452318982
GLYCOGENSYN_RXN_p_Day,0.07080867662045634
GLYCOGENSYN_RXN_p_Night,0.0
GLYCOGENSYN_RXN_p_Open,0.019280338113198542
GLYOHMETRANS_RXN_c_Close,0.0
GLYOHMETRANS_RXN_c_Day,0.0
GLYOHMETRANS_RXN_c_Night,0.0
GLYOHMETRANS_RXN_c_Open,0.0
GLYOHMETRANS_RXN_m_Close,0.0
GLYOHMETRANS_RXN_m_Day,-0.5169704119445454
GLYOHMETRANS_RXN_m_Night,0.0
GLYOHMETRANS_RXN_m_Open,-0.023136405735824622
GLYOHMETRANS_RXN_p_Close,0.0
GLYOHMETRANS_RXN_p_Day,0.0
GLYOHMETRANS_RXN_p_Night,0.0
GLYOHMETRANS_RXN_p_Open,0.0
GLY_PROTON_rev_vc_Close,0.0
GLY_PROTON_rev_vc_Day,0.0
GLY_PROTON_rev_vc_Night,0.0
GLY_PROTON_rev_vc_Open,0.0
GLY_PROTON_vc_Close,0.0
GLY_PROTON_vc_Day,0.0
GLY_PROTON_vc_Night,0.0
GLY_PROTON_vc_Open,0.0
GLY_mc_Close,0.0
GLY_mc_Day,-1.0339408238890908
GLY_mc_Night,0.0
GLY_mc_Open,-0.046272811471649244
GLY_pc_Close,0.0
GLY_pc_Day,0.0
GLY_pc_Night,0.0
GLY_pc_Open,0.0
GLY_xc_Close,0.0
GLY_xc_Day,1.033940823889092
GLY_xc_Night,0.0
GLY_xc_Open,0.04627281147164782
GPH_RXN_p_Close,0.0
GPH_RXN_p_Day,1.0339408238890886
GPH_RXN_p_Night,0.0
GPH_RXN_p_Open,0.04627281147167783
Glycerate_xc_Close,0.0
Glycerate_xc_Day,0.5169704119445443
Glycerate_xc_Night,0.0
Glycerate_xc_Open,0.023136405735838916
Glycerol_biomass_Close,0.0
Glycerol_biomass_Day,0.0
Glycerol_biomass_Night,0.0
Glycerol_biomass_Open,0.0
Glycolate_xc_Close,0.0
Glycolate_xc_Day,-1.0339408238890886
Glycolate_xc_Night,0.0
Glycolate_xc_Open,-0.04627281147167783
H2O_ec_Close,-2.0318327384050905
H2O_ec_Day,2.334043383102258
H2O_ec_Night,-8.3186123352632
H2O_ec_Open,0.09640169056605516
H2O_mc_Close,5.882630856708436
H2O_mc_Day,29.399504126305235
H2O_mc_Night,33.37528100572261
H2O_mc_Open,4.216482710629229
H2O_pc_Close,-1.0622073774052438
H2O_pc_Day,4.071515139478596
H2O_pc_Night,1.751950173638761
H2O_pc_Open,0.7725439904221914
H2O_tx_Close,-2.0318327384050905
H2O_tx_Day,2.334043383102258
H2O_tx_Night,-8.3186123352632
H2O_tx_Open,0.09640169056605516
H2O_xc_Close,0.0
H2O_xc_Day,1.0339408238891084
H2O_xc_Night,0.0
H2O_xc_Open,0.04627281147167641
HEXOKINASE_RXN_MANNOSE_c_Close,0.0
HEXOKINASE_RXN_MANNOSE_c_Day,0.0
HEXOKINASE_RXN_MANNOSE_c_Night,0.0
HEXOKINASE_RXN_MANNOSE_c_Open,0.0
HISTALDEHYD_RXN_p_Close,0.0
HISTALDEHYD_RXN_p_Day,0.0
HISTALDEHYD_RXN_p_Night,0.0
HISTALDEHYD_RXN_p_Open,0.0
HISTAMINOTRANS_RXN_p_Close,0.0
HISTAMINOTRANS_RXN_p_Day,0.0
HISTAMINOTRANS_RXN_p_Night,0.0
HISTAMINOTRANS_RXN_p_Open,0.0
HISTCYCLOHYD_RXN_p_Close,0.0
HISTCYCLOHYD_RXN_p_Day,0.0
HISTCYCLOHYD_RXN_p_Night,0.0
HISTCYCLOHYD_RXN_p_Open,0.0
HISTIDINE_TRNA_LIGASE_RXN_c_Close,0.0
HISTIDINE_TRNA_LIGASE_RXN_c_Day,0.0
HISTIDINE_TRNA_LIGASE_RXN_c_Night,0.0
HISTIDINE_TRNA_LIGASE_RXN_c_Open,0.0
HISTIDPHOS_RXN_p_Close,0.0
HISTIDPHOS_RXN_p_Day,0.0
HISTIDPHOS_RXN_p_Night,0.0
HISTIDPHOS_RXN_p_Open,0.0
HISTOLDEHYD_RXN_p_Close,0.0
HISTOLDEHYD_RXN_p_Day,0.0
HISTOLDEHYD_RXN_p_Night,0.0
HISTOLDEHYD_RXN_p_Open,0.0
HISTPRATPHYD_RXN_p_Close,0.0
HISTPRATPHYD_RXN_p_Day,0.0
HISTPRATPHYD_RXN_p_Night,0.0
HISTPRATPHYD_RXN_p_Open,0.0
HIS_CITRULLINE_mc_Close,0.0
HIS_CITRULLINE_mc_Day,0.0
HIS_CITRULLINE_mc_Night,0.0
HIS_CITRULLINE_mc_Open,0.0
HIS_ORNITHINE_mc_Close,0.0
HIS_ORNITHINE_mc_Day,0.0
HIS_ORNITHINE_mc_Night,0.0
HIS_ORNITHINE_mc_Open,0.0
HIS_PROTON_rev_vc_Close,0.0
HIS_PROTON_rev_vc_Day,0.0
HIS_PROTON_rev_vc_Night,0.0
HIS_PROTON_rev_vc_Open,0.0
HIS_PROTON_vc_Close,0.0
HIS_PROTON_vc_Day,0.0
HIS_PROTON_vc_Night,0.0
HIS_PROTON_vc_Open,0.0
HIS_pc_Close,0.0
HIS_pc_Day,0.0
HIS_pc_Night,0.0
HIS_pc_Open,0.0
HOMOCYSMETB12_RXN_c_Close,0.0
HOMOCYSMETB12_RXN_c_Day,0.0
HOMOCYSMETB12_RXN_c_Night,0.0
HOMOCYSMETB12_RXN_c_Open,0.0
HOMOCYSMETB12_RXN_p_Close,0.0
HOMOCYSMETB12_RXN_p_Day,0.0
HOMOCYSMETB12_RXN_p_Night,0.0
HOMOCYSMETB12_RXN_p_Open,0.0
HOMOSERDEHYDROG_RXN_NADP_p_Close,0.0
HOMOSERDEHYDROG_RXN_NADP_p_Day,0.0
HOMOSERDEHYDROG_RXN_NADP_p_Night,0.0
HOMOSERDEHYDROG_RXN_NADP_p_Open,0.0
HOMOSERDEHYDROG_RXN_NAD_p_Close,0.0
HOMOSERDEHYDROG_RXN_NAD_p_Day,0.0
HOMOSERDEHYDROG_RXN_NAD_p_Night,0.0
HOMOSERDEHYDROG_RXN_NAD_p_Open,0.0
HOMOSERKIN_RXN_p_Close,0.0
HOMOSERKIN_RXN_p_Day,0.0
HOMOSERKIN_RXN_p_Night,0.0
HOMOSERKIN_RXN_p_Open,0.0
HOMO_CYS_pc_Close,0.0
HOMO_CYS_pc_Day,0.0
HOMO_CYS_pc_Night,0.0
HOMO_CYS_pc_Open,0.0
HS_pc_Close,0.0
HS_pc_Day,0.0
HS_pc_Night,0.0
HS_pc_Open,0.0
HYDROXYPYRUVATE_REDUCTASE_RXN_NAD_x_Close,0.0
HYDROXYPYRUVATE_REDUCTASE_RXN_NAD_x_Day,0.5169704119445443
HYDROXYPYRUVATE_REDUCTASE_RXN_NAD_x_Night,0.0
HYDROXYPYRUVATE_REDUCTASE_RXN_NAD_x_Open,0.023136405735838916
H_CloseNight_storage,0.0
H_DayClose_storage,0.0
H_NightOpen_storage,0.0
H_OpenDay_storage,0.0
H_ec_Close,0.0
H_ec_Day,0.0
H_ec_Night,0.0
H_ec_Open,0.0
H_ic_Close,0.0
H_ic_Day,-0.5169704119444827
H_ic_Night,0.0
H_ic_Open,-0.02313640573583342
H_im_Close,0.0
H_im_Day,0.0
H_im_Night,0.0
H_im_Open,0.0
H_pc_Close,1.2214755750087678
H_pc_Day,-19.59470039592772
H_pc_Night,0.0
H_pc_Open,-2.365015824960119
H_tx_Close,0.0
H_tx_Day,0.0
H_tx_Night,0.0
H_tx_Open,0.0
H_vc_Close,0.0
H_vc_Day,0.0
H_vc_Night,0.0
H_vc_Open,0.0
H_xc_Close,0.0
H_xc_Day,0.0
H_xc_Night,0.0
H_xc_Open,0.0
IGPSYN_RXN_p_Close,0.0
IGPSYN_RXN_p_Day,0.0
IGPSYN_RXN_p_Night,0.0
IGPSYN_RXN_p_Open,0.0
ILE_PROTON_rev_vc_Close,0.0
ILE_PROTON_rev_vc_Day,0.0
ILE_PROTON_rev_vc_Night,0.0
ILE_PROTON_rev_vc_Open,0.0
ILE_PROTON_vc_Close,0.0
ILE_PROTON_vc_Day,0.0
ILE_PROTON_vc_Night,0.0
ILE_PROTON_vc_Open,0.0
ILE_pc_Close,0.0
ILE_pc_Day,0.0
ILE_pc_Night,0.0
ILE_pc_Open,0.0
IMIDPHOSDEHYD_RXN_p_Close,0.0
IMIDPHOSDEHYD_RXN_p_Day,0.0
IMIDPHOSDEHYD_RXN_p_Night,0.0
IMIDPHOSDEHYD_RXN_p_Open,0.0
IMPCYCLOHYDROLASE_RXN_p_Close,0.0
IMPCYCLOHYDROLASE_RXN_p_Day,0.0
IMPCYCLOHYDROLASE_RXN_p_Night,0.0
IMPCYCLOHYDROLASE_RXN_p_Open,0.0
INORGPYROPHOSPHAT_RXN_c_Close,0.0
INORGPYROPHOSPHAT_RXN_c_Day,0.0
INORGPYROPHOSPHAT_RXN_c_Night,0.0
INORGPYROPHOSPHAT_RXN_c_Open,0.0
INORGPYROPHOSPHAT_RXN_p_Close,1.573633452318982
INORGPYROPHOSPHAT_RXN_p_Day,0.07080867662045723
INORGPYROPHOSPHAT_RXN_p_Night,0.0
INORGPYROPHOSPHAT_RXN_p_Open,0.019280338113198542
INORGPYROPHOSPHAT_RXN_x_Close,0.0
INORGPYROPHOSPHAT_RXN_x_Day,0.0
INORGPYROPHOSPHAT_RXN_x_Night,0.0
INORGPYROPHOSPHAT_RXN_x_Open,0.0
ISOCITDEH_RXN_c_Close,0.033621482103166955
ISOCITDEH_RXN_c_Day,-3.5039003472775225
ISOCITDEH_RXN_c_Night,-1.613306634717707
ISOCITDEH_RXN_c_Open,-0.3185363952070481
ISOCITDEH_RXN_m_Close,0.31853639520704746
ISOCITDEH_RXN_m_Day,3.5039003472775194
ISOCITDEH_RXN_m_Night,3.503900347277522
ISOCITDEH_RXN_m_Open,0.31853639520704746
ISOCITRATE_ACONITATE_mc_Close,0.0
ISOCITRATE_ACONITATE_mc_Day,0.0
ISOCITRATE_ACONITATE_mc_Night,0.0
ISOCITRATE_ACONITATE_mc_Open,0.0
ISOCITRATE_DEHYDROGENASE_NAD_RXN_m_Close,0.0
ISOCITRATE_DEHYDROGENASE_NAD_RXN_m_Day,0.0
ISOCITRATE_DEHYDROGENASE_NAD_RXN_m_Night,0.0
ISOCITRATE_DEHYDROGENASE_NAD_RXN_m_Open,0.0
ISOCIT_CLEAV_RXN_x_Close,0.0
ISOCIT_CLEAV_RXN_x_Day,0.0
ISOCIT_CLEAV_RXN_x_Night,0.0
ISOCIT_CLEAV_RXN_x_Open,0.0
ISOLEUCINE_TRNA_LIGASE_RXN_c_Close,0.0
ISOLEUCINE_TRNA_LIGASE_RXN_c_Day,0.0
ISOLEUCINE_TRNA_LIGASE_RXN_c_Night,0.0
ISOLEUCINE_TRNA_LIGASE_RXN_c_Open,0.0
K_CloseNight_storage,0.0
K_DayClose_storage,0.0
K_NightOpen_storage,0.0
K_OpenDay_storage,0.5
K_biomass_Close,0.0
K_biomass_Day,0.0
K_biomass_Night,0.0
K_biomass_Open,0.0
K_ec_Close,0.0
K_ec_Day,0.0
K_ec_Night,0.0
K_ec_Open,0.5
K_rev_ec_Close,0.0
K_rev_ec_Day,0.5
K_rev_ec_Night,0.0
K_rev_ec_Open,0.0
K_rev_vc_Close,0.0
K_rev_vc_Day,0.0
K_rev_vc_Night,0.0
K_rev_vc_Open,0.5
K_tx_Close,0.0
K_tx_Day,-0.5
K_tx_Night,0.0
K_tx_Open,0.5
K_vc_Close,0.0
K_vc_Day,0.5
K_vc_Night,0.0
K_vc_Open,0.0
LEUCINE_TRNA_LIGASE_RXN_c_Close,0.0
LEUCINE_TRNA_LIGASE_RXN_c_Day,0.0
LEUCINE_TRNA_LIGASE_RXN_c_Night,0.0
LEUCINE_TRNA_LIGASE_RXN_c_Open,0.0
LEU_PROTON_rev_vc_Close,0.0
LEU_PROTON_rev_vc_Day,0.0
LEU_PROTON_rev_vc_Night,0.0
LEU_PROTON_rev_vc_Open,0.0
LEU_PROTON_vc_Close,0.0
LEU_PROTON_vc_Day,0.0
LEU_PROTON_vc_Night,0.0
LEU_PROTON_vc_Open,0.0
LEU_pc_Close,0.0
LEU_pc_Day,0.0
LEU_pc_Night,0.0
LEU_pc_Open,0.0
LYSINE_TRNA_LIGASE_RXN_c_Close,0.0
LYSINE_TRNA_LIGASE_RXN_c_Day,0.0
LYSINE_TRNA_LIGASE_RXN_c_Night,0.0
LYSINE_TRNA_LIGASE_RXN_c_Open,0.0
LYS_ORNITHINE_mc_Close,0.0
LYS_ORNITHINE_mc_Day,0.0
LYS_ORNITHINE_mc_Night,0.0
LYS_ORNITHINE_mc_Open,0.0
LYS_PROTON_rev_vc_Close,0.0
LYS_PROTON_rev_vc_Day,0.0
LYS_PROTON_rev_vc_Night,0.0
LYS_PROTON_rev_vc_Open,0.0
LYS_PROTON_vc_Close,0.0
LYS_PROTON_vc_Day,0.0
LYS_PROTON_vc_Night,0.0
LYS_PROTON_vc_Open,0.0
LYS_pc_Close,0.0
LYS_pc_Day,0.0
LYS_pc_Night,0.0
LYS_pc_Open,0.0
L_ALPHA_ALANINE_PROTON_rev_vc_Close,0.0
L_ALPHA_ALANINE_PROTON_rev_vc_Day,0.0
L_ALPHA_ALANINE_PROTON_rev_vc_Night,0.0
L_ALPHA_ALANINE_PROTON_rev_vc_Open,0.0
L_ALPHA_ALANINE_PROTON_vc_Close,0.0
L_ALPHA_ALANINE_PROTON_vc_Day,0.0
L_ALPHA_ALANINE_PROTON_vc_Night,0.0
L_ALPHA_ALANINE_PROTON_vc_Open,0.0
L_ASCORBATE_PEROXIDASE_RXN_p_Close,0.0
L_ASCORBATE_PEROXIDASE_RXN_p_Day,0.0
L_ASCORBATE_PEROXIDASE_RXN_p_Night,0.0
L_ASCORBATE_PEROXIDASE_RXN_p_Open,0.0
L_ASPARTATE_GLU_mc_Close,0.0
L_ASPARTATE_GLU_mc_Day,0.0
L_ASPARTATE_GLU_mc_Night,0.0
L_ASPARTATE_GLU_mc_Open,0.0
L_ASPARTATE_PROTON_rev_vc_Close,0.0
L_ASPARTATE_PROTON_rev_vc_Day,0.0
L_ASPARTATE_PROTON_rev_vc_Night,0.0
L_ASPARTATE_PROTON_rev_vc_Open,0.0
L_ASPARTATE_PROTON_vc_Close,0.0
L_ASPARTATE_PROTON_vc_Day,0.0
L_ASPARTATE_PROTON_vc_Night,0.0
L_ASPARTATE_PROTON_vc_Open,0.0
L_ASPARTATE_pc_Close,0.0
L_ASPARTATE_pc_Day,0.0
L_ASPARTATE_pc_Night,0.0
L_ASPARTATE_pc_Open,0.0
L_ASPARTATE_xc_Close,0.0
L_ASPARTATE_xc_Day,0.0
L_ASPARTATE_xc_Night,0.0
L_ASPARTATE_xc_Open,0.0
L_CITRULLINE_pc_Close,0.0
L_CITRULLINE_pc_Day,0.0
L_CITRULLINE_pc_Night,0.0
L_CITRULLINE_pc_Open,0.0
MALATE_DEHYDROGENASE_NADPs_RXN_p_Close,0.0
MALATE_DEHYDROGENASE_NADPs_RXN_p_Day,6.564370766847221
MALATE_DEHYDROGENASE_NADPs_RXN_p_Night,0.0
MALATE_DEHYDROGENASE_NADPs_RXN_p_Open,0.9785354498593275
MALATE_DEH_RXN_c_Close,-0.2515826592583932
MALATE_DEH_RXN_c_Day,0.0
MALATE_DEH_RXN_c_Night,-1.8905937125598151
MALATE_DEH_RXN_c_Open,0.0
MALATE_DEH_RXN_m_Close,0.704315754620429
MALATE_DEH_RXN_m_Day,6.04740035490268
MALATE_DEH_RXN_m_Night,3.78118742511963
MALATE_DEH_RXN_m_Open,0.9553990441234893
MALATE_DEH_RXN_p_Close,-0.10057521805182133
MALATE_DEH_RXN_p_Day,0.0
MALATE_DEH_RXN_p_Night,0.0
MALATE_DEH_RXN_p_Open,0.0
MALATE_DEH_RXN_x_Close,0.0
MALATE_DEH_RXN_x_Day,0.5169704119445443
MALATE_DEH_RXN_x_Night,0.0
MALATE_DEH_RXN_x_Open,0.023136405735838916
MALIC_NADP_RXN_c_Close,0.0
MALIC_NADP_RXN_c_Day,0.0
MALIC_NADP_RXN_c_Night,0.0
MALIC_NADP_RXN_c_Open,0.0
MALIC_NADP_RXN_p_Close,0.0
MALIC_NADP_RXN_p_Day,0.0
MALIC_NADP_RXN_p_Night,0.0
MALIC_NADP_RXN_p_Open,0.0
MALIC_NAD_RXN_m_Close,0.0
MALIC_NAD_RXN_m_Day,0.0
MALIC_NAD_RXN_m_Night,0.0
MALIC_NAD_RXN_m_Open,0.0
MALONYL_COA_ACP_TRANSACYL_RXN_p_Close,0.0
MALONYL_COA_ACP_TRANSACYL_RXN_p_Day,0.0
MALONYL_COA_ACP_TRANSACYL_RXN_p_Night,0.0
MALONYL_COA_ACP_TRANSACYL_RXN_p_Open,0.0
MALSYN_RXN_x_Close,0.0
MALSYN_RXN_x_Day,0.0
MALSYN_RXN_x_Night,0.0
MALSYN_RXN_x_Open,0.0
MALTODEG_RXN_c_Close,0.0
MALTODEG_RXN_c_Day,0.0
MALTODEG_RXN_c_Night,0.0
MALTODEG_RXN_c_Open,0.0
MALTODEXGLUCOSID_RXN_p_Close,0.0
MALTODEXGLUCOSID_RXN_p_Day,0.0
MALTODEXGLUCOSID_RXN_p_Night,0.0
MALTODEXGLUCOSID_RXN_p_Open,0.0
MAL_ACONITATE_mc_Close,0.0
MAL_ACONITATE_mc_Day,0.0
MAL_ACONITATE_mc_Night,0.0
MAL_ACONITATE_mc_Open,0.0
MAL_CIT_mc_Close,0.0
MAL_CIT_mc_Day,0.0
MAL_CIT_mc_Night,0.0
MAL_CIT_mc_Open,0.0
MAL_CIT_vc_Close,0.0
MAL_CIT_vc_Day,0.0
MAL_CIT_vc_Night,0.0
MAL_CIT_vc_Open,0.0
MAL_ISOCITRATE_mc_Close,0.0
MAL_ISOCITRATE_mc_Day,0.0
MAL_ISOCITRATE_mc_Night,0.0
MAL_ISOCITRATE_mc_Open,0.0
MAL_PROTON_rev_vc_Close,0.0
MAL_PROTON_rev_vc_Day,0.0
MAL_PROTON_rev_vc_Night,0.0
MAL_PROTON_rev_vc_Open,0.0
MAL_PROTON_vc_Close,0.0
MAL_PROTON_vc_Day,0.0
MAL_PROTON_vc_Night,0.0
MAL_PROTON_vc_Open,0.0
MAL_Pi_mc_Close,0.0
MAL_Pi_mc_Day,0.0
MAL_Pi_mc_Night,0.0
MAL_Pi_mc_Open,0.0
MAL_SO4_mc_Close,0.0
MAL_SO4_mc_Day,0.0
MAL_SO4_mc_Night,0.0
MAL_SO4_mc_Open,0.0
MAL_SUC_mc_Close,0.0
MAL_SUC_mc_Day,0.0
MAL_SUC_mc_Night,0.0
MAL_SUC_mc_Open,0.0
MAL_ec_Close,0.0
MAL_ec_Day,0.0
MAL_ec_Night,0.0
MAL_ec_Open,0.0
MAL_rev_ec_Close,0.0
MAL_rev_ec_Day,0.0
MAL_rev_ec_Night,0.0
MAL_rev_ec_Open,0.0
MAL_tx_Close,0.0
MAL_tx_Day,0.0
MAL_tx_Night,0.0
MAL_tx_Open,0.0
MAL_xc_Close,0.0
MAL_xc_Day,-0.5169704119445443
MAL_xc_Night,0.0
MAL_xc_Open,-0.023136405735836828
MANNITOL_1_PHOSPHATE_RXN_c_Close,0.0
MANNITOL_1_PHOSPHATE_RXN_c_Day,0.0
MANNITOL_1_PHOSPHATE_RXN_c_Night,0.0
MANNITOL_1_PHOSPHATE_RXN_c_Open,0.0
MANNOSE_6_PHOSPHATE_6_REDUCTASE_RXN_c_Close,0.0
MANNOSE_6_PHOSPHATE_6_REDUCTASE_RXN_c_Day,0.0
MANNOSE_6_PHOSPHATE_6_REDUCTASE_RXN_c_Night,0.0
MANNOSE_6_PHOSPHATE_6_REDUCTASE_RXN_c_Open,0.0
MANNPGUANYLTRANGDP_RXN_c_Close,0.0
MANNPGUANYLTRANGDP_RXN_c_Day,0.0
MANNPGUANYLTRANGDP_RXN_c_Night,0.0
MANNPGUANYLTRANGDP_RXN_c_Open,0.0
MANNPISOM_RXN_c_Close,0.0
MANNPISOM_RXN_c_Day,0.0
MANNPISOM_RXN_c_Night,0.0
MANNPISOM_RXN_c_Open,0.0
MDA_Fd_Ascorbate_p_Close,0.0
MDA_Fd_Ascorbate_p_Day,0.0
MDA_Fd_Ascorbate_p_Night,0.0
MDA_Fd_Ascorbate_p_Open,0.0
METHENYLTHFCYCLOHYDRO_RXN_c_Close,0.0
METHENYLTHFCYCLOHYDRO_RXN_c_Day,0.0
METHENYLTHFCYCLOHYDRO_RXN_c_Night,0.0
METHENYLTHFCYCLOHYDRO_RXN_c_Open,0.0
METHIONINE_TRNA_LIGASE_RXN_c_Close,0.0
METHIONINE_TRNA_LIGASE_RXN_c_Day,0.0
METHIONINE_TRNA_LIGASE_RXN_c_Night,0.0
METHIONINE_TRNA_LIGASE_RXN_c_Open,0.0
METHYLENETHFDEHYDROG_NADP_RXN_c_Close,0.0
METHYLENETHFDEHYDROG_NADP_RXN_c_Day,0.0
METHYLENETHFDEHYDROG_NADP_RXN_c_Night,0.0
METHYLENETHFDEHYDROG_NADP_RXN_c_Open,0.0
METHYLENE_THF_mc_Close,0.0
METHYLENE_THF_mc_Day,0.0
METHYLENE_THF_mc_Night,0.0
METHYLENE_THF_mc_Open,0.0
METHYLENE_THF_pc_Close,0.0
METHYLENE_THF_pc_Day,0.0
METHYLENE_THF_pc_Night,0.0
METHYLENE_THF_pc_Open,0.0
MET_PROTON_rev_vc_Close,0.0
MET_PROTON_rev_vc_Day,0.0
MET_PROTON_rev_vc_Night,0.0
MET_PROTON_rev_vc_Open,0.0
MET_PROTON_vc_Close,0.0
MET_PROTON_vc_Day,0.0
MET_PROTON_vc_Night,0.0
MET_PROTON_vc_Open,0.0
MET_pc_Close,0.0
MET_pc_Day,0.0
MET_pc_Night,0.0
MET_pc_Open,0.0
MG2_rev_vc_Close,0.0
MG2_rev_vc_Day,0.0
MG2_rev_vc_Night,0.0
MG2_rev_vc_Open,0.0
MYO_INOSITOL_1OR_4_MONOPHOSPHATASE_RXN_c_Close,0.0
MYO_INOSITOL_1OR_4_MONOPHOSPHATASE_RXN_c_Day,0.0
MYO_INOSITOL_1OR_4_MONOPHOSPHATASE_RXN_c_Night,0.0
MYO_INOSITOL_1OR_4_MONOPHOSPHATASE_RXN_c_Open,0.0
MYO_INOSITOL_1_PHOSPHATE_SYNTHASE_RXN_c_Close,0.0
MYO_INOSITOL_1_PHOSPHATE_SYNTHASE_RXN_c_Day,0.0
MYO_INOSITOL_1_PHOSPHATE_SYNTHASE_RXN_c_Night,0.0
MYO_INOSITOL_1_PHOSPHATE_SYNTHASE_RXN_c_Open,0.0
MYO_INOSITOL_OXYGENASE_RXN_c_Close,0.0
MYO_INOSITOL_OXYGENASE_RXN_c_Day,0.0
MYO_INOSITOL_OXYGENASE_RXN_c_Night,0.0
MYO_INOSITOL_OXYGENASE_RXN_c_Open,0.0
Malate_CloseNight_storage,0.0
Malate_DayClose_storage,0.0
Malate_NightOpen_storage,0.0
Malate_OpenDay_storage,0.0
Mehler_Reaction_p_Close,0.0
Mehler_Reaction_p_Day,0.0
Mehler_Reaction_p_Night,0.0
Mehler_Reaction_p_Open,0.0
Mg_biomass_Close,0.0
Mg_biomass_Day,0.0
Mg_biomass_Night,0.0
Mg_biomass_Open,0.0
Mg_ec_Close,0.0
Mg_ec_Day,0.0
Mg_ec_Night,0.0
Mg_ec_Open,0.0
Mg_tx_Close,0.0
Mg_tx_Day,0.0
Mg_tx_Night,0.0
Mg_tx_Open,0.0
Mitochondrial_ATP_Synthase_m_Close,1.6199262356269866
Mitochondrial_ATP_Synthase_m_Day,6.616067808041676
Mitochondrial_ATP_Synthase_m_Night,8.696731077775153
Mitochondrial_ATP_Synthase_m_Open,0.9808490904328974
NADH_DEHYDROG_A_RXN_mc_Close,0.0
NADH_DEHYDROG_A_RXN_mc_Day,0.0
NADH_DEHYDROG_A_RXN_mc_Night,0.0
NADH_DEHYDROG_A_RXN_mc_Open,0.0
NADH_DEHYDROG_A_RXN_mi_Close,1.408631509240858
NADH_DEHYDROG_A_RXN_mi_Day,6.564370766847225
NADH_DEHYDROG_A_RXN_mi_Night,7.562374850239263
NADH_DEHYDROG_A_RXN_mi_Open,0.978535449859314
NADH_KINASE_RXN_c_Close,0.0
NADH_KINASE_RXN_c_Day,0.0
NADH_KINASE_RXN_c_Night,0.0
NADH_KINASE_RXN_c_Open,0.0
NADPH_Dehydrogenase_p_Close,0.0
NADPH_Dehydrogenase_p_Day,0.0
NADPH_Dehydrogenase_p_Night,0.0
NADPH_Dehydrogenase_p_Open,0.0
NADPHoxc_tx_Close,0.31853639520704746
NADPHoxc_tx_Day,3.503900347277522
NADPHoxc_tx_Night,3.503900347277522
NADPHoxc_tx_Open,0.31853639520704746
NADPHoxm_tx_Close,0.31853639520704746
NADPHoxm_tx_Day,3.503900347277522
NADPHoxm_tx_Night,3.503900347277522
NADPHoxm_tx_Open,0.31853639520704746
NADPHoxp_tx_Close,0.31853639520704746
NADPHoxp_tx_Day,3.503900347277522
NADPHoxp_tx_Night,3.503900347277522
NADPHoxp_tx_Open,0.31853639520704746
NADPPHOSPHAT_RXN_c_Close,0.0
NADPPHOSPHAT_RXN_c_Day,0.0
NADPPHOSPHAT_RXN_c_Night,0.0
NADPPHOSPHAT_RXN_c_Open,0.0
NH3_mc_Close,0.0
NH3_mc_Day,0.0
NH3_mc_Night,0.0
NH3_mc_Open,0.0
NH3_pc_Close,0.0
NH3_pc_Day,0.0
NH3_pc_Night,0.0
NH3_pc_Open,0.0
NH4_ec_Close,0.0
NH4_ec_Day,0.0
NH4_ec_Night,0.0
NH4_ec_Open,0.0
NH4_tx_Close,0.0
NH4_tx_Day,0.0
NH4_tx_Night,0.0
NH4_tx_Open,0.0
NH4_vc_Close,0.0
NH4_vc_Day,0.0
NH4_vc_Night,0.0
NH4_vc_Open,0.0
NITRATE_PROTON_rev_vc_Close,0.0
NITRATE_PROTON_rev_vc_Day,0.0
NITRATE_PROTON_rev_vc_Night,0.0
NITRATE_PROTON_rev_vc_Open,0.0
NITRATE_REDUCTASE_NADH_RXN_c_Close,0.0
NITRATE_REDUCTASE_NADH_RXN_c_Day,0.0
NITRATE_REDUCTASE_NADH_RXN_c_Night,0.0
NITRATE_REDUCTASE_NADH_RXN_c_Open,0.0
NITRATE_vc_Close,0.0
NITRATE_vc_Day,0.0
NITRATE_vc_Night,0.0
NITRATE_vc_Open,0.0
NITRITE_pc_Close,0.0
NITRITE_pc_Day,0.0
NITRITE_pc_Night,0.0
NITRITE_pc_Open,0.0
N_ACETYLGLUTPREDUCT_RXN_p_Close,0.0
N_ACETYLGLUTPREDUCT_RXN_p_Day,0.0
N_ACETYLGLUTPREDUCT_RXN_p_Night,0.0
N_ACETYLGLUTPREDUCT_RXN_p_Open,0.0
Nitrate_ec_Close,0.0
Nitrate_ec_Day,0.0
Nitrate_ec_Night,0.0
Nitrate_ec_Open,0.0
Nitrate_tx_Close,0.0
Nitrate_tx_Day,0.0
Nitrate_tx_Night,0.0
Nitrate_tx_Open,0.0
O2_ec_Close,1.3581992860861074
O2_ec_Day,-2.58485205972272
O2_ec_Night,9.982334802315822
O2_ec_Open,-0.11568202867918698
O2_mc_Close,-1.03966289087906
O2_mc_Day,-5.034135557062376
O2_mc_Night,-6.4784344550382995
O2_mc_Open,-0.6485359225331807
O2_pc_Close,-0.15926819760352373
O2_pc_Day,9.8879082023684
O2_pc_Night,-1.751950173638761
O2_pc_Open,0.9466225545517303
O2_tx_Close,1.3581992860861074
O2_tx_Day,-2.58485205972272
O2_tx_Night,9.982334802315822
O2_tx_Open,-0.11568202867918698
O2_xc_Close,0.0
O2_xc_Day,-0.5169704119445443
O2_xc_Night,0.0
O2_xc_Open,-0.023136405735838916
OAA_ACONITATE_mc_Close,0.0
OAA_ACONITATE_mc_Day,0.0
OAA_ACONITATE_mc_Night,0.0
OAA_ACONITATE_mc_Open,0.0
OAA_CIT_mc_Close,0.0
OAA_CIT_mc_Day,0.0
OAA_CIT_mc_Night,0.0
OAA_CIT_mc_Open,0.0
OAA_ISOCITRATE_mc_Close,0.0
OAA_ISOCITRATE_mc_Day,3.5039003472775194
OAA_ISOCITRATE_mc_Night,0.0
OAA_ISOCITRATE_mc_Open,0.31853639520704746
OAA_MAL_mc_Close,0.35215787731021453
OAA_MAL_mc_Day,2.5435000076251604
OAA_MAL_mc_Night,1.890593712559815
OAA_MAL_mc_Open,0.6368626489164418
OAA_MAL_pc_Close,-0.10057521805182133
OAA_MAL_pc_Day,-6.5643707668472295
OAA_MAL_pc_Night,0.0
OAA_MAL_pc_Open,-0.9785354498593275
OAA_Pi_mc_Close,0.0
OAA_Pi_mc_Day,0.0
OAA_Pi_mc_Night,0.0
OAA_Pi_mc_Open,0.0
OAA_SO4_mc_Close,0.0
OAA_SO4_mc_Day,0.0
OAA_SO4_mc_Night,0.0
OAA_SO4_mc_Open,0.0
OAA_SUC_mc_Close,0.0
OAA_SUC_mc_Day,0.0
OAA_SUC_mc_Night,0.0
OAA_SUC_mc_Open,0.0
OAA_xc_Close,0.0
OAA_xc_Day,0.5169704119445443
OAA_xc_Night,0.0
OAA_xc_Open,0.023136405735839582
ORNCARBAMTRANSFER_RXN_p_Close,0.0
ORNCARBAMTRANSFER_RXN_p_Day,0.0
ORNCARBAMTRANSFER_RXN_p_Night,0.0
ORNCARBAMTRANSFER_RXN_p_Open,0.0
ORNITHINE_CITRULLINE_mc_Close,0.0
ORNITHINE_CITRULLINE_mc_Day,0.0
ORNITHINE_CITRULLINE_mc_Night,0.0
ORNITHINE_CITRULLINE_mc_Open,0.0
ORNITHINE_CITRULLINE_pc_Close,0.0
ORNITHINE_CITRULLINE_pc_Day,0.0
ORNITHINE_CITRULLINE_pc_Night,0.0
ORNITHINE_CITRULLINE_pc_Open,0.0
ORNITHINE_GLU_AMINOTRANSFORASE_RXN_m_Close,0.0
ORNITHINE_GLU_AMINOTRANSFORASE_RXN_m_Day,0.0
ORNITHINE_GLU_AMINOTRANSFORASE_RXN_m_Night,0.0
ORNITHINE_GLU_AMINOTRANSFORASE_RXN_m_Open,0.0
PALMITATE_pc_Close,0.0
PALMITATE_pc_Day,0.0
PALMITATE_pc_Night,0.0
PALMITATE_pc_Open,0.0
PEPCARBOXYKIN_RXN_c_Close,0.0
PEPCARBOXYKIN_RXN_c_Day,0.0
PEPCARBOXYKIN_RXN_c_Night,0.0
PEPCARBOXYKIN_RXN_c_Open,0.0
PEPCARBOX_RXN_c_Close,0.0
PEPCARBOX_RXN_c_Day,0.0
PEPCARBOX_RXN_c_Night,0.0
PEPCARBOX_RXN_c_Open,0.0
PEPDEPHOS_RXN_c_Close,0.9000000000000001
PEPDEPHOS_RXN_c_Day,0.0
PEPDEPHOS_RXN_c_Night,1.8905937125598151
PEPDEPHOS_RXN_c_Open,0.0
PEPDEPHOS_RXN_p_Close,0.35215787731021453
PEPDEPHOS_RXN_p_Day,0.0
PEPDEPHOS_RXN_p_Night,0.0
PEPDEPHOS_RXN_p_Open,0.0
PEP_Pi_pc_Close,0.0
PEP_Pi_pc_Day,0.0
PEP_Pi_pc_Night,0.0
PEP_Pi_pc_Open,0.0
PGLUCISOM_RXN_c_Close,-0.7742086703708034
PGLUCISOM_RXN_c_Day,-0.5399999999999645
PGLUCISOM_RXN_c_Night,0.2268712455071783
PGLUCISOM_RXN_c_Open,-0.14267450203735257
PGLUCISOM_RXN_p_Close,-0.20115043610364267
PGLUCISOM_RXN_p_Day,0.28919132337950826
PGLUCISOM_RXN_p_Night,-2.873702443090917
PGLUCISOM_RXN_p_Open,0.12339416392415425
PGLYCDEHYDROG_RXN_p_Close,0.0
PGLYCDEHYDROG_RXN_p_Day,0.0
PGLYCDEHYDROG_RXN_p_Night,0.0
PGLYCDEHYDROG_RXN_p_Open,0.0
PHENYLALANINE_TRNA_LIGASE_RXN_c_Close,0.0
PHENYLALANINE_TRNA_LIGASE_RXN_c_Day,0.0
PHENYLALANINE_TRNA_LIGASE_RXN_c_Night,0.0
PHENYLALANINE_TRNA_LIGASE_RXN_c_Open,0.0
PHE_PROTON_rev_vc_Close,0.0
PHE_PROTON_rev_vc_Day,0.0
PHE_PROTON_rev_vc_Night,0.0
PHE_PROTON_rev_vc_Open,0.0
PHE_PROTON_vc_Close,0.0
PHE_PROTON_vc_Day,0.0
PHE_PROTON_vc_Night,0.0
PHE_PROTON_vc_Open,0.0
PHE_pc_Close,0.0
PHE_pc_Day,0.0
PHE_pc_Night,0.0
PHE_pc_Open,0.0
PHOSGLYPHOS_RXN_c_Close,-0.2515826592583932
PHOSGLYPHOS_RXN_c_Day,0.0
PHOSGLYPHOS_RXN_c_Night,-1.8905937125598151
PHOSGLYPHOS_RXN_c_Open,0.0
PHOSGLYPHOS_RXN_p_Close,-0.10057521805182133
PHOSGLYPHOS_RXN_p_Day,14.76235687372321
PHOSGLYPHOS_RXN_p_Night,0.0
PHOSGLYPHOS_RXN_p_Open,0.9841188764516756
PHOSPHOGLUCMUT_RXN_c_Close,0.9
PHOSPHOGLUCMUT_RXN_c_Day,-0.18000000000000005
PHOSPHOGLUCMUT_RXN_c_Night,0.0
PHOSPHOGLUCMUT_RXN_c_Open,0.0
PHOSPHOGLUCMUT_RXN_p_Close,-1.573633452318982
PHOSPHOGLUCMUT_RXN_p_Day,-0.07080867662045634
PHOSPHOGLUCMUT_RXN_p_Night,1.663722467052637
PHOSPHOGLUCMUT_RXN_p_Open,-0.019280338113198542
PHOSPHORIBULOKINASE_RXN_p_Close,0.0
PHOSPHORIBULOKINASE_RXN_p_Day,4.135763295556354
PHOSPHORIBULOKINASE_RXN_p_Night,0.0
PHOSPHORIBULOKINASE_RXN_p_Open,0.18509124588671133
PLASTOQUINOL_PLASTOCYANIN_REDUCTASE_RXN_p_Close,0.0
PLASTOQUINOL_PLASTOCYANIN_REDUCTASE_RXN_p_Day,25.3475983997925
PLASTOQUINOL_PLASTOCYANIN_REDUCTASE_RXN_p_Night,0.0
PLASTOQUINOL_PLASTOCYANIN_REDUCTASE_RXN_p_Open,2.3043271272538637
PRAISOM_RXN_p_Close,0.0
PRAISOM_RXN_p_Day,0.0
PRAISOM_RXN_p_Night,0.0
PRAISOM_RXN_p_Open,0.0
PREPHENATEDEHYDROG_RXN_p_Close,0.0
PREPHENATEDEHYDROG_RXN_p_Day,0.0
PREPHENATEDEHYDROG_RXN_p_Night,0.0
PREPHENATEDEHYDROG_RXN_p_Open,0.0
PREPHENATE_DEHYDROGENASE_NADP_RXN_p_Close,0.0
PREPHENATE_DEHYDROGENASE_NADP_RXN_p_Day,0.0
PREPHENATE_DEHYDROGENASE_NADP_RXN_p_Night,0.0
PREPHENATE_DEHYDROGENASE_NADP_RXN_p_Open,0.0
PREPHENATE_TRANSAMINE_RXN_p_Close,0.0
PREPHENATE_TRANSAMINE_RXN_p_Day,0.0
PREPHENATE_TRANSAMINE_RXN_p_Night,0.0
PREPHENATE_TRANSAMINE_RXN_p_Open,0.0
PRIBFAICARPISOM_RXN_p_Close,0.0
PRIBFAICARPISOM_RXN_p_Day,0.0
PRIBFAICARPISOM_RXN_p_Night,0.0
PRIBFAICARPISOM_RXN_p_Open,0.0
PROTONATP_rev_vc_Close,0.4499999999999968
PROTONATP_rev_vc_Day,0.0
PROTONATP_rev_vc_Night,0.0
PROTONATP_rev_vc_Open,0.30366274898132173
PROTON_ATPase_c_Close,0.0
PROTON_ATPase_c_Day,0.72
PROTON_ATPase_c_Night,0.0
PROTON_ATPase_c_Open,1.5
PROTON_PPi_rev_vc_Close,0.0
PROTON_PPi_rev_vc_Day,0.8999999999999777
PROTON_PPi_rev_vc_Night,0.0
PROTON_PPi_rev_vc_Open,0.14267450203735374
PRO_GLU_mc_Close,0.0
PRO_GLU_mc_Day,0.0
PRO_GLU_mc_Night,0.0
PRO_GLU_mc_Open,0.0
PRO_PROTON_rev_vc_Close,0.0
PRO_PROTON_rev_vc_Day,0.0
PRO_PROTON_rev_vc_Night,0.0
PRO_PROTON_rev_vc_Open,0.0
PRO_PROTON_vc_Close,0.0
PRO_PROTON_vc_Day,0.0
PRO_PROTON_vc_Night,0.0
PRO_PROTON_vc_Open,0.0
PRO_mc_Close,0.0
PRO_mc_Day,0.0
PRO_mc_Night,0.0
PRO_mc_Open,0.0
PRPPSYN_RXN_p_Close,0.0
PRPPSYN_RXN_p_Day,0.0
PRPPSYN_RXN_p_Night,0.0
PRPPSYN_RXN_p_Open,0.0
PRTRANS_RXN_p_Close,0.0
PRTRANS_RXN_p_Day,0.0
PRTRANS_RXN_p_Night,0.0
PRTRANS_RXN_p_Open,0.0
PSERTRANSAM_RXN_p_Close,0.0
PSERTRANSAM_RXN_p_Day,0.0
PSERTRANSAM_RXN_p_Night,0.0
PSERTRANSAM_RXN_p_Open,0.0
PSII_RXN_p_Close,0.0
PSII_RXN_p_Day,12.67379919989625
PSII_RXN_p_Night,0.0
PSII_RXN_p_Open,1.1521635636269318
PYRROLINECARBREDUCT_RXN_NADP_c_Close,0.0
PYRROLINECARBREDUCT_RXN_NADP_c_Day,0.0
PYRROLINECARBREDUCT_RXN_NADP_c_Night,0.0
PYRROLINECARBREDUCT_RXN_NADP_c_Open,0.0
PYRROLINECARBREDUCT_RXN_NAD_c_Close,0.0
PYRROLINECARBREDUCT_RXN_NAD_c_Day,0.0
PYRROLINECARBREDUCT_RXN_NAD_c_Night,0.0
PYRROLINECARBREDUCT_RXN_NAD_c_Open,0.0
PYRUVATEORTHOPHOSPHATE_DIKINASE_RXN_c_Close,0.9000000000000001
PYRUVATEORTHOPHOSPHATE_DIKINASE_RXN_c_Day,0.0
PYRUVATEORTHOPHOSPHATE_DIKINASE_RXN_c_Night,0.0
PYRUVATEORTHOPHOSPHATE_DIKINASE_RXN_c_Open,0.0
PYRUVATEORTHOPHOSPHATE_DIKINASE_RXN_p_Close,0.0
PYRUVATEORTHOPHOSPHATE_DIKINASE_RXN_p_Day,0.0
PYRUVATEORTHOPHOSPHATE_DIKINASE_RXN_p_Night,0.0
PYRUVATEORTHOPHOSPHATE_DIKINASE_RXN_p_Open,0.0
PYRUVATE_PROTON_mc_Close,-0.35215787731021453
PYRUVATE_PROTON_mc_Day,0.0
PYRUVATE_PROTON_mc_Night,-1.890593712559815
PYRUVATE_PROTON_mc_Open,0.0
PYRUVATE_pc_Close,0.35215787731021453
PYRUVATE_pc_Day,0.0
PYRUVATE_pc_Night,0.0
PYRUVATE_pc_Open,0.0
PYRUVDEH_RXN_m_Close,0.3521578773102144
PYRUVDEH_RXN_m_Day,0.0
PYRUVDEH_RXN_m_Night,1.8905937125598151
PYRUVDEH_RXN_m_Open,0.0
PYRUVDEH_RXN_p_Close,0.0
PYRUVDEH_RXN_p_Day,0.0
PYRUVDEH_RXN_p_Night,0.0
PYRUVDEH_RXN_p_Open,0.0
Phloem_output_tx_Close,0.0
Phloem_output_tx_Day,0.0
Phloem_output_tx_Night,0.0
Phloem_output_tx_Open,0.0
Photon_ep_Close,0.0
Photon_ep_Day,101.39039359917
Photon_ep_Night,0.0
Photon_ep_Open,9.217308509015455
Photon_tx_Close,0.0
Photon_tx_Day,101.39039359917
Photon_tx_Night,0.0
Photon_tx_Open,9.217308509015455
Pi_PROTON_mc_Close,-5.211936584191174
Pi_PROTON_mc_Day,-19.331233012180487
Pi_PROTON_mc_Night,-27.980786945885257
Pi_PROTON_mc_Open,-2.919410865562867
Pi_ec_Close,0.0
Pi_ec_Day,0.0
Pi_ec_Night,0.0
Pi_ec_Open,0.0
Pi_tx_Close,0.0
Pi_tx_Day,0.0
Pi_tx_Night,0.0
Pi_tx_Open,0.0
Pi_xc_Close,0.0
Pi_xc_Day,0.0
Pi_xc_Night,0.0
Pi_xc_Open,0.0
Plastidial_ATP_Synthase_p_Close,0.0
Plastidial_ATP_Synthase_p_Day,10.863256457053927
Plastidial_ATP_Synthase_p_Night,0.0
Plastidial_ATP_Synthase_p_Open,0.9875687688230845
Plastoquinol_Oxidase_p_Close,0.0
Plastoquinol_Oxidase_p_Day,0.0
Plastoquinol_Oxidase_p_Night,0.0
Plastoquinol_Oxidase_p_Open,0.0
Protein_Polymerisation_c_Close,0.0
Protein_Polymerisation_c_Day,0.0
Protein_Polymerisation_c_Night,0.0
Protein_Polymerisation_c_Open,0.0
Protein_Processing_c_Close,0.0
Protein_Processing_c_Day,0.0
Protein_Processing_c_Night,0.0
Protein_Processing_c_Open,0.0
Protein_Translocation_c_Close,0.0
Protein_Translocation_c_Day,0.0
Protein_Translocation_c_Night,0.0
Protein_Translocation_c_Open,0.0
RIB5PISOM_RXN_p_Close,-0.10057521805182133
RIB5PISOM_RXN_p_Day,1.3785877651854515
RIB5PISOM_RXN_p_Night,-1.4368512215454585
RIB5PISOM_RXN_p_Open,0.06169708196223722
RIBULOSE_BISPHOSPHATE_CARBOXYLASE_RXN_p_Close,0.0
RIBULOSE_BISPHOSPHATE_CARBOXYLASE_RXN_p_Day,3.1018224716672655
RIBULOSE_BISPHOSPHATE_CARBOXYLASE_RXN_p_Night,0.0
RIBULOSE_BISPHOSPHATE_CARBOXYLASE_RXN_p_Open,0.1388184344150335
RIBULP3EPIM_RXN_c_Close,0.14245745655194025
RIBULP3EPIM_RXN_c_Day,0.0
RIBULP3EPIM_RXN_c_Night,2.5586034909976147
RIBULP3EPIM_RXN_c_Open,0.0
RIBULP3EPIM_RXN_p_Close,0.0586929795517024
RIBULP3EPIM_RXN_p_Day,-2.757175530370903
RIBULP3EPIM_RXN_p_Night,0.3150989520933025
RIBULP3EPIM_RXN_p_Open,-0.12339416392447444
RXN0_1483_c_Close,0.0
RXN0_1483_c_Day,0.0
RXN0_1483_c_Night,0.0
RXN0_1483_c_Open,0.0
RXN0_2381_p_Close,0.0
RXN0_2381_p_Day,0.0
RXN0_2381_p_Night,0.0
RXN0_2381_p_Open,0.0
RXN0_2382_p_Close,0.0
RXN0_2382_p_Day,0.0
RXN0_2382_p_Night,0.0
RXN0_2382_p_Open,0.0
RXN0_5114_p_Close,0.0
RXN0_5114_p_Day,0.0
RXN0_5114_p_Night,0.0
RXN0_5114_p_Open,0.0
RXN0_5184_c_Close,0.0
RXN0_5184_c_Day,0.0
RXN0_5184_c_Night,0.0
RXN0_5184_c_Open,0.0
RXN0_5224_c_Close,0.0
RXN0_5224_c_Day,0.0
RXN0_5224_c_Night,0.0
RXN0_5224_c_Open,0.0
RXN0_5224_p_Close,0.0
RXN0_5224_p_Day,0.0
RXN0_5224_p_Night,0.0
RXN0_5224_p_Open,0.0
RXN0_5260_m_Close,0.0
RXN0_5260_m_Day,0.0
RXN0_5260_m_Night,0.0
RXN0_5260_m_Open,0.0
RXN0_5330_NADP_c_Close,0.0
RXN0_5330_NADP_c_Day,0.0
RXN0_5330_NADP_c_Night,0.0
RXN0_5330_NADP_c_Open,0.0
RXN0_5330_NADP_mc_Close,0.0
RXN0_5330_NADP_mc_Day,0.0
RXN0_5330_NADP_mc_Night,0.0
RXN0_5330_NADP_mc_Open,0.0
RXN0_5330_NADP_mi_Close,0.0
RXN0_5330_NADP_mi_Day,0.0
RXN0_5330_NADP_mi_Night,0.0
RXN0_5330_NADP_mi_Open,0.0
RXN0_5330_NAD_c_Close,0.0
RXN0_5330_NAD_c_Day,0.0
RXN0_5330_NAD_c_Night,0.0
RXN0_5330_NAD_c_Open,0.0
RXN0_5330_NAD_mc_Close,0.0
RXN0_5330_NAD_mc_Day,0.0
RXN0_5330_NAD_mc_Night,0.0
RXN0_5330_NAD_mc_Open,0.0
RXN0_5330_NAD_mi_Close,0.0
RXN0_5330_NAD_mi_Day,0.0
RXN0_5330_NAD_mi_Night,0.0
RXN0_5330_NAD_mi_Open,0.0
RXN1F_66_p_Close,0.0
RXN1F_66_p_Day,0.0
RXN1F_66_p_Night,0.0
RXN1F_66_p_Open,0.0
RXN490_3650_p_Close,0.0
RXN490_3650_p_Day,50.695196799585
RXN490_3650_p_Night,0.0
RXN490_3650_p_Open,4.608654254507727
RXN66_1_c_Close,0.0
RXN66_1_c_Day,0.0
RXN66_1_c_Night,0.0
RXN66_1_c_Open,0.0
RXN66_3_c_Close,0.0
RXN66_3_c_Day,0.0
RXN66_3_c_Night,0.0
RXN66_3_c_Open,0.0
RXN66_3_m_Close,0.0
RXN66_3_m_Day,0.0
RXN66_3_m_Night,0.0
RXN66_3_m_Open,0.0
RXN_10745_NAD_c_Close,0.0
RXN_10745_NAD_c_Day,0.0
RXN_10745_NAD_c_Night,0.0
RXN_10745_NAD_c_Open,0.0
RXN_10786_c_Close,0.0
RXN_10786_c_Day,0.0
RXN_10786_c_Night,0.0
RXN_10786_c_Open,0.0
RXN_12541_c_Close,0.0
RXN_12541_c_Day,0.0
RXN_12541_c_Night,0.0
RXN_12541_c_Open,0.0
RXN_14351_pc_Close,0.0
RXN_14351_pc_Day,0.0
RXN_14351_pc_Night,0.0
RXN_14351_pc_Open,0.0
RXN_1461_c_Close,0.0
RXN_1461_c_Day,0.0
RXN_1461_c_Night,0.0
RXN_1461_c_Open,0.0
RXN_1781_v_Close,0.0
RXN_1781_v_Day,0.0
RXN_1781_v_Night,0.0
RXN_1781_v_Open,0.0
RXN_1826_p_Close,0.0
RXN_1826_p_Day,0.0
RXN_1826_p_Night,1.663722467052637
RXN_1826_p_Open,0.0
RXN_1827_p_Close,0.0
RXN_1827_p_Day,0.0
RXN_1827_p_Night,0.0
RXN_1827_p_Open,0.0
RXN_1841_v_Close,0.0
RXN_1841_v_Day,0.0
RXN_1841_v_Night,0.0
RXN_1841_v_Open,0.0
RXN_2141_p_Close,0.0
RXN_2141_p_Day,0.0
RXN_2141_p_Night,0.0
RXN_2141_p_Open,0.0
RXN_3521_p_Close,0.0
RXN_3521_p_Day,0.0
RXN_3521_p_Night,0.0
RXN_3521_p_Open,0.0
RXN_3522_p_Close,0.0
RXN_3522_p_Day,0.0
RXN_3522_p_Night,0.0
RXN_3522_p_Open,0.0
RXN_3523_p_Close,0.0
RXN_3523_p_Day,0.0
RXN_3523_p_Night,0.0
RXN_3523_p_Open,0.0
RXN_5682_p_Close,0.0
RXN_5682_p_Day,0.0
RXN_5682_p_Night,0.0
RXN_5682_p_Open,0.0
RXN_6883_mc_Close,0.0
RXN_6883_mc_Day,0.0
RXN_6883_mc_Night,0.0
RXN_6883_mc_Open,0.0
RXN_6883_mi_Close,0.0
RXN_6883_mi_Day,0.0
RXN_6883_mi_Night,0.0
RXN_6883_mi_Open,0.0
RXN_6884_m_Close,0.0
RXN_6884_m_Day,0.0
RXN_6884_m_Night,0.0
RXN_6884_m_Open,0.0
RXN_6902_m_Close,0.0
RXN_6902_m_Day,0.0
RXN_6902_m_Night,0.0
RXN_6902_m_Open,0.0
RXN_7183_NADP_m_Close,0.0
RXN_7183_NADP_m_Day,0.0
RXN_7183_NADP_m_Night,0.0
RXN_7183_NADP_m_Open,0.0
RXN_7674_p_Close,0.0
RXN_7674_p_Day,0.0
RXN_7674_p_Night,0.0
RXN_7674_p_Open,0.0
RXN_7676_p_Close,0.0
RXN_7676_p_Day,0.0
RXN_7676_p_Night,0.0
RXN_7676_p_Open,0.0
RXN_7677_p_Close,0.0
RXN_7677_p_Day,0.0
RXN_7677_p_Night,0.0
RXN_7677_p_Open,0.0
RXN_7678_NADP_p_Close,0.0
RXN_7678_NADP_p_Day,0.0
RXN_7678_NADP_p_Night,0.0
RXN_7678_NADP_p_Open,0.0
RXN_7678_NAD_p_Close,0.0
RXN_7678_NAD_p_Day,0.0
RXN_7678_NAD_p_Night,0.0
RXN_7678_NAD_p_Open,0.0
RXN_7679_p_Close,0.0
RXN_7679_p_Day,0.0
RXN_7679_p_Night,0.0
RXN_7679_p_Open,0.0
RXN_7737_p_Close,0.0
RXN_7737_p_Day,0.0
RXN_7737_p_Night,0.0
RXN_7737_p_Open,0.0
RXN_7800_p_Close,0.0
RXN_7800_p_Day,0.0
RXN_7800_p_Night,0.0
RXN_7800_p_Open,0.0
RXN_7978_p_Close,0.0
RXN_7978_p_Day,0.0
RXN_7978_p_Night,0.0
RXN_7978_p_Open,0.0
RXN_7979_p_Close,0.0
RXN_7979_p_Day,0.0
RXN_7979_p_Night,0.0
RXN_7979_p_Open,0.0
RXN_7984_p_Close,0.0
RXN_7984_p_Day,0.0
RXN_7984_p_Night,0.0
RXN_7984_p_Open,0.0
RXN_7985_p_Close,0.0
RXN_7985_p_Day,0.0
RXN_7985_p_Night,0.0
RXN_7985_p_Open,0.0
RXN_8001_p_Close,0.0
RXN_8001_p_Day,0.0
RXN_8001_p_Night,0.0
RXN_8001_p_Open,0.0
RXN_8991_p_Close,0.0
RXN_8991_p_Day,0.0
RXN_8991_p_Night,0.0
RXN_8991_p_Open,0.0
RXN_9104_c_Close,0.0
RXN_9104_c_Day,0.0
RXN_9104_c_Night,0.0
RXN_9104_c_Open,0.0
RXN_9514_p_Close,0.0
RXN_9514_p_Day,0.0
RXN_9514_p_Night,0.0
RXN_9514_p_Open,0.0
RXN_9516_p_Close,0.0
RXN_9516_p_Day,0.0
RXN_9516_p_Night,0.0
RXN_9516_p_Open,0.0
RXN_9518_p_Close,0.0
RXN_9518_p_Day,0.0
RXN_9518_p_Night,0.0
RXN_9518_p_Open,0.0
RXN_9520_p_Close,0.0
RXN_9520_p_Day,0.0
RXN_9520_p_Night,0.0
RXN_9520_p_Open,0.0
RXN_9523_p_Close,0.0
RXN_9523_p_Day,0.0
RXN_9523_p_Night,0.0
RXN_9523_p_Open,0.0
RXN_9524_p_Close,0.0
RXN_9524_p_Day,0.0
RXN_9524_p_Night,0.0
RXN_9524_p_Open,0.0
RXN_9527_p_Close,0.0
RXN_9527_p_Day,0.0
RXN_9527_p_Night,0.0
RXN_9527_p_Open,0.0
RXN_9528_p_Close,0.0
RXN_9528_p_Day,0.0
RXN_9528_p_Night,0.0
RXN_9528_p_Open,0.0
RXN_9531_p_Close,0.0
RXN_9531_p_Day,0.0
RXN_9531_p_Night,0.0
RXN_9531_p_Open,0.0
RXN_9532_p_Close,0.0
RXN_9532_p_Day,0.0
RXN_9532_p_Night,0.0
RXN_9532_p_Open,0.0
RXN_9533_p_Close,0.0
RXN_9533_p_Day,0.0
RXN_9533_p_Night,0.0
RXN_9533_p_Open,0.0
RXN_9535_p_Close,0.0
RXN_9535_p_Day,0.0
RXN_9535_p_Night,0.0
RXN_9535_p_Open,0.0
RXN_9536_p_Close,0.0
RXN_9536_p_Day,0.0
RXN_9536_p_Night,0.0
RXN_9536_p_Open,0.0
RXN_9537_p_Close,0.0
RXN_9537_p_Day,0.0
RXN_9537_p_Night,0.0
RXN_9537_p_Open,0.0
RXN_9539_p_Close,0.0
RXN_9539_p_Day,0.0
RXN_9539_p_Night,0.0
RXN_9539_p_Open,0.0
RXN_9540_p_Close,0.0
RXN_9540_p_Day,0.0
RXN_9540_p_Night,0.0
RXN_9540_p_Open,0.0
RXN_9549_p_Close,0.0
RXN_9549_p_Day,0.0
RXN_9549_p_Night,0.0
RXN_9549_p_Open,0.0
RXN_961_p_Close,0.0
RXN_961_p_Day,1.0339408238890886
RXN_961_p_Night,0.0
RXN_961_p_Open,0.04627281147167783
RXN_9648_p_Close,0.0
RXN_9648_p_Day,0.0
RXN_9648_p_Night,0.0
RXN_9648_p_Open,0.0
RXN_9650_p_Close,0.0
RXN_9650_p_Day,0.0
RXN_9650_p_Night,0.0
RXN_9650_p_Open,0.0
RXN_9651_p_Close,0.0
RXN_9651_p_Day,0.0
RXN_9651_p_Night,0.0
RXN_9651_p_Open,0.0
RXN_9652_p_Close,0.0
RXN_9652_p_Day,0.0
RXN_9652_p_Night,0.0
RXN_9652_p_Open,0.0
RXN_9653_p_Close,0.0
RXN_9653_p_Day,0.0
RXN_9653_p_Night,0.0
RXN_9653_p_Open,0.0
RXN_9654_p_Close,0.0
RXN_9654_p_Day,0.0
RXN_9654_p_Night,0.0
RXN_9654_p_Open,0.0
RXN_9655_p_Close,0.0
RXN_9655_p_Day,0.0
RXN_9655_p_Night,0.0
RXN_9655_p_Open,0.0
RXN_9657_p_Close,0.0
RXN_9657_p_Day,0.0
RXN_9657_p_Night,0.0
RXN_9657_p_Open,0.0
RXN_9658_p_Close,0.0
RXN_9658_p_Day,0.0
RXN_9658_p_Night,0.0
RXN_9658_p_Open,0.0
RXN_9659_p_Close,0.0
RXN_9659_p_Day,0.0
RXN_9659_p_Night,0.0
RXN_9659_p_Open,0.0
RXN_9660_p_Close,0.0
RXN_9660_p_Day,0.0
RXN_9660_p_Night,0.0
RXN_9660_p_Open,0.0
RXN_9661_p_Close,0.0
RXN_9661_p_Day,0.0
RXN_9661_p_Night,0.0
RXN_9661_p_Open,0.0
RXN_9662_p_Close,0.0
RXN_9662_p_Day,0.0
RXN_9662_p_Night,0.0
RXN_9662_p_Open,0.0
RXN_9663_p_Close,0.0
RXN_9663_p_Day,0.0
RXN_9663_p_Night,0.0
RXN_9663_p_Open,0.0
RXN_969_x_Close,0.0
RXN_969_x_Day,1.0339408238890886
RXN_969_x_Night,0.0
RXN_969_x_Open,0.04627281147167783
SEDOBISALDOL_RXN_p_Close,0.0
SEDOBISALDOL_RXN_p_Day,1.3785877651854515
SEDOBISALDOL_RXN_p_Night,0.0
SEDOBISALDOL_RXN_p_Open,0.0
SEDOHEPTULOSE_BISPHOSPHATASE_RXN_p_Close,0.0
SEDOHEPTULOSE_BISPHOSPHATASE_RXN_p_Day,1.3785877651854515
SEDOHEPTULOSE_BISPHOSPHATASE_RXN_p_Night,0.0
SEDOHEPTULOSE_BISPHOSPHATASE_RXN_p_Open,0.0
SERINE_GLYOXYLATE_AMINOTRANSFERASE_RXN_x_Close,0.0
SERINE_GLYOXYLATE_AMINOTRANSFERASE_RXN_x_Day,0.5169704119445443
SERINE_GLYOXYLATE_AMINOTRANSFERASE_RXN_x_Night,0.0
SERINE_GLYOXYLATE_AMINOTRANSFERASE_RXN_x_Open,0.023136405735838916
SERINE_O_ACETTRAN_RXN_c_Close,0.0
SERINE_O_ACETTRAN_RXN_c_Day,0.0
SERINE_O_ACETTRAN_RXN_c_Night,0.0
SERINE_O_ACETTRAN_RXN_c_Open,0.0
SERINE_O_ACETTRAN_RXN_p_Close,0.0
SERINE_O_ACETTRAN_RXN_p_Day,0.0
SERINE_O_ACETTRAN_RXN_p_Night,0.0
SERINE_O_ACETTRAN_RXN_p_Open,0.0
SERINE_TRNA_LIGASE_RXN_c_Close,0.0
SERINE_TRNA_LIGASE_RXN_c_Day,0.0
SERINE_TRNA_LIGASE_RXN_c_Night,0.0
SERINE_TRNA_LIGASE_RXN_c_Open,0.0
SER_PROTON_rev_vc_Close,0.0
SER_PROTON_rev_vc_Day,0.0
SER_PROTON_rev_vc_Night,0.0
SER_PROTON_rev_vc_Open,0.0
SER_PROTON_vc_Close,0.0
SER_PROTON_vc_Day,0.0
SER_PROTON_vc_Night,0.0
SER_PROTON_vc_Open,0.0
SER_mc_Close,0.0
SER_mc_Day,0.5169704119445454
SER_mc_Night,0.0
SER_mc_Open,0.023136405735824622
SER_pc_Close,0.0
SER_pc_Day,0.0
SER_pc_Night,0.0
SER_pc_Open,0.0
SER_xc_Close,0.0
SER_xc_Day,-0.5169704119445443
SER_xc_Night,0.0
SER_xc_Open,-0.023136405735838916
SHIKIMATE_5_DEHYDROGENASE_RXN_p_Close,0.0
SHIKIMATE_5_DEHYDROGENASE_RXN_p_Day,0.0
SHIKIMATE_5_DEHYDROGENASE_RXN_p_Night,0.0
SHIKIMATE_5_DEHYDROGENASE_RXN_p_Open,0.0
SHIKIMATE_KINASE_RXN_p_Close,0.0
SHIKIMATE_KINASE_RXN_p_Day,0.0
SHIKIMATE_KINASE_RXN_p_Night,0.0
SHIKIMATE_KINASE_RXN_p_Open,0.0
SO4_ec_Close,0.0
SO4_ec_Day,0.0
SO4_ec_Night,0.0
SO4_ec_Open,0.0
SO4_pc_Close,0.0
SO4_pc_Day,0.0
SO4_pc_Night,0.0
SO4_pc_Open,0.0
SO4_tx_Close,0.0
SO4_tx_Day,0.0
SO4_tx_Night,0.0
SO4_tx_Open,0.0
SPONTPRO_RXN_c_Close,0.0
SPONTPRO_RXN_c_Day,0.0
SPONTPRO_RXN_c_Night,0.0
SPONTPRO_RXN_c_Open,0.0
SPONTPRO_RXN_m_Close,0.0
SPONTPRO_RXN_m_Day,0.0
SPONTPRO_RXN_m_Night,0.0
SPONTPRO_RXN_m_Open,0.0
SUCCCOASYN_RXN_m_Close,0.3521578773102144
SUCCCOASYN_RXN_m_Day,0.0
SUCCCOASYN_RXN_m_Night,1.8905937125598151
SUCCCOASYN_RXN_m_Open,0.0
SUCCINATE_COA_LIGASE_GDP_FORMING_RXN_m_Close,0.0
SUCCINATE_COA_LIGASE_GDP_FORMING_RXN_m_Day,0.0
SUCCINATE_COA_LIGASE_GDP_FORMING_RXN_m_Night,0.0
SUCCINATE_COA_LIGASE_GDP_FORMING_RXN_m_Open,0.0
SUCCINATE_DEHYDROGENASE_UBIQUINONE_RXN_mc_Close,0.0
SUCCINATE_DEHYDROGENASE_UBIQUINONE_RXN_mc_Day,0.0
SUCCINATE_DEHYDROGENASE_UBIQUINONE_RXN_mc_Night,0.0
SUCCINATE_DEHYDROGENASE_UBIQUINONE_RXN_mc_Open,0.0
SUCCINATE_DEHYDROGENASE_UBIQUINONE_RXN_mi_Close,0.3521578773102144
SUCCINATE_DEHYDROGENASE_UBIQUINONE_RXN_mi_Day,0.0
SUCCINATE_DEHYDROGENASE_UBIQUINONE_RXN_mi_Night,1.890593712559818
SUCCINATE_DEHYDROGENASE_UBIQUINONE_RXN_mi_Open,0.0
SUCCINATE_SEMIALDEHYDE_DEHYDROGENASE_RXN_m_Close,0.0
SUCCINATE_SEMIALDEHYDE_DEHYDROGENASE_RXN_m_Day,0.0
SUCCINATE_SEMIALDEHYDE_DEHYDROGENASE_RXN_m_Night,0.0
SUCCINATE_SEMIALDEHYDE_DEHYDROGENASE_RXN_m_Open,0.0
SUCCINYL_COA_HYDROLASE_RXN_m_Close,0.0
SUCCINYL_COA_HYDROLASE_RXN_m_Day,0.0
SUCCINYL_COA_HYDROLASE_RXN_m_Night,0.0
SUCCINYL_COA_HYDROLASE_RXN_m_Open,0.0
SUCROSE_PHOSPHATASE_RXN_c_Close,0.0
SUCROSE_PHOSPHATASE_RXN_c_Day,0.18000000000000005
SUCROSE_PHOSPHATASE_RXN_c_Night,0.0
SUCROSE_PHOSPHATASE_RXN_c_Open,0.0
SUCROSE_PHOSPHATE_SYNTHASE_RXN_c_Close,0.0
SUCROSE_PHOSPHATE_SYNTHASE_RXN_c_Day,0.18000000000000005
SUCROSE_PHOSPHATE_SYNTHASE_RXN_c_Night,0.0
SUCROSE_PHOSPHATE_SYNTHASE_RXN_c_Open,0.0
SUCROSE_PROTON_rev_vc_Close,0.9
SUCROSE_PROTON_rev_vc_Day,0.0
SUCROSE_PROTON_rev_vc_Night,0.0
SUCROSE_PROTON_rev_vc_Open,0.0
SUCROSE_PROTON_vc_Close,0.0
SUCROSE_PROTON_vc_Day,0.9
SUCROSE_PROTON_vc_Night,0.0
SUCROSE_PROTON_vc_Open,0.0
SUCROSE_SYNTHASE_RXN_c_Close,0.9
SUCROSE_SYNTHASE_RXN_c_Day,0.0
SUCROSE_SYNTHASE_RXN_c_Night,0.0
SUCROSE_SYNTHASE_RXN_c_Open,0.0
SUC_ACONITATE_mc_Close,0.0
SUC_ACONITATE_mc_Day,0.0
SUC_ACONITATE_mc_Night,0.0
SUC_ACONITATE_mc_Open,0.0
SUC_CIT_mc_Close,0.0
SUC_CIT_mc_Day,0.0
SUC_CIT_mc_Night,0.0
SUC_CIT_mc_Open,0.0
SUC_FUM_mc_Close,0.0
SUC_FUM_mc_Day,0.0
SUC_FUM_mc_Night,0.0
SUC_FUM_mc_Open,0.0
SUC_ISOCITRATE_mc_Close,0.0
SUC_ISOCITRATE_mc_Day,0.0
SUC_ISOCITRATE_mc_Night,0.0
SUC_ISOCITRATE_mc_Open,0.0
SUC_Pi_mc_Close,0.0
SUC_Pi_mc_Day,0.0
SUC_Pi_mc_Night,0.0
SUC_Pi_mc_Open,0.0
SUC_SO4_mc_Close,0.0
SUC_SO4_mc_Day,0.0
SUC_SO4_mc_Night,0.0
SUC_SO4_mc_Open,0.0
SUC_xc_Close,0.0
SUC_xc_Day,0.0
SUC_xc_Night,0.0
SUC_xc_Open,0.0
SULFATE_ADENYLYLTRANS_RXN_p_Close,0.0
SULFATE_ADENYLYLTRANS_RXN_p_Day,0.0
SULFATE_ADENYLYLTRANS_RXN_p_Night,0.0
SULFATE_ADENYLYLTRANS_RXN_p_Open,0.0
SULFITE_REDUCTASE_FERREDOXIN_RXN_p_Close,0.0
SULFITE_REDUCTASE_FERREDOXIN_RXN_p_Day,0.0
SULFITE_REDUCTASE_FERREDOXIN_RXN_p_Night,0.0
SULFITE_REDUCTASE_FERREDOXIN_RXN_p_Open,0.0
SUPEROX_DISMUT_RXN_c_Close,0.0
SUPEROX_DISMUT_RXN_c_Day,0.0
SUPEROX_DISMUT_RXN_c_Night,0.0
SUPEROX_DISMUT_RXN_c_Open,0.0
SUPEROX_DISMUT_RXN_p_Close,0.0
SUPEROX_DISMUT_RXN_p_Day,0.0
SUPEROX_DISMUT_RXN_p_Night,0.0
SUPEROX_DISMUT_RXN_p_Open,0.0
Starch_CloseNight_storage,1.663722467052637
Starch_DayClose_storage,0.09008901473365488
Starch_NightOpen_storage,0.0
Starch_OpenDay_storage,0.019280338113198542
Starch_biomass_Close,0.0
Starch_biomass_Day,0.0
Starch_biomass_Night,0.0
Starch_biomass_Open,0.0
Sucrose_CloseNight_storage,0.0
Sucrose_DayClose_storage,0.9
Sucrose_NightOpen_storage,0.0
Sucrose_OpenDay_storage,0.0
Sucrose_ec_Close,0.0
Sucrose_ec_Day,0.72
Sucrose_ec_Night,0.0
Sucrose_ec_Open,0.0
Sucrose_tx_Close,0.0
Sucrose_tx_Day,0.72
Sucrose_tx_Night,0.0
Sucrose_tx_Open,0.0
THF_mc_Close,0.0
THF_mc_Day,0.0
THF_mc_Night,0.0
THF_mc_Open,0.0
THF_pc_Close,0.0
THF_pc_Day,0.0
THF_pc_Night,0.0
THF_pc_Open,0.0
THREDEHYD_RXN_p_Close,0.0
THREDEHYD_RXN_p_Day,0.0
THREDEHYD_RXN_p_Night,0.0
THREDEHYD_RXN_p_Open,0.0
THREONINE_ALDOLASE_RXN_c_Close,0.0
THREONINE_ALDOLASE_RXN_c_Day,0.0
THREONINE_ALDOLASE_RXN_c_Night,0.0
THREONINE_ALDOLASE_RXN_c_Open,0.0
THREONINE_TRNA_LIGASE_RXN_c_Close,0.0
THREONINE_TRNA_LIGASE_RXN_c_Day,0.0
THREONINE_TRNA_LIGASE_RXN_c_Night,0.0
THREONINE_TRNA_LIGASE_RXN_c_Open,0.0
THREO_DS_ISO_CITRATE_xc_Close,0.0
THREO_DS_ISO_CITRATE_xc_Day,0.0
THREO_DS_ISO_CITRATE_xc_Night,0.0
THREO_DS_ISO_CITRATE_xc_Open,0.0
THRESYN_RXN_p_Close,0.0
THRESYN_RXN_p_Day,0.0
THRESYN_RXN_p_Night,0.0
THRESYN_RXN_p_Open,0.0
THR_PROTON_rev_vc_Close,0.0
THR_PROTON_rev_vc_Day,0.0
THR_PROTON_rev_vc_Night,0.0
THR_PROTON_rev_vc_Open,0.0
THR_PROTON_vc_Close,0.0
THR_PROTON_vc_Day,0.0
THR_PROTON_vc_Night,0.0
THR_PROTON_vc_Open,0.0
THR_pc_Close,0.0
THR_pc_Day,0.0
THR_pc_Night,0.0
THR_pc_Open,0.0
TRANSALDOL_RXN_p_Close,0.10057521805182133
TRANSALDOL_RXN_p_Day,0.0
TRANSALDOL_RXN_p_Night,1.4368512215454585
TRANSALDOL_RXN_p_Open,-0.06169708196191703
TRIOSEPISOMERIZATION_RXN_c_Close,-0.1257913296291966
TRIOSEPISOMERIZATION_RXN_c_Day,0.7199999999999646
TRIOSEPISOMERIZATION_RXN_c_Night,-0.2268712455071783
TRIOSEPISOMERIZATION_RXN_c_Open,0.14267450203735257
TRIOSEPISOMERIZATION_RXN_p_Close,0.0
TRIOSEPISOMERIZATION_RXN_p_Day,2.4679842069913946
TRIOSEPISOMERIZATION_RXN_p_Night,0.0
TRIOSEPISOMERIZATION_RXN_p_Open,0.0
TRP_PROTON_rev_vc_Close,0.0
TRP_PROTON_rev_vc_Day,0.0
TRP_PROTON_rev_vc_Night,0.0
TRP_PROTON_rev_vc_Open,0.0
TRP_PROTON_vc_Close,0.0
TRP_PROTON_vc_Day,0.0
TRP_PROTON_vc_Night,0.0
TRP_PROTON_vc_Open,0.0
TRP_pc_Close,0.0
TRP_pc_Day,0.0
TRP_pc_Night,0.0
TRP_pc_Open,0.0
TYRAMINOTRANS_RXN_p_Close,0.0
TYRAMINOTRANS_RXN_p_Day,0.0
TYRAMINOTRANS_RXN_p_Night,0.0
TYRAMINOTRANS_RXN_p_Open,0.0
TYROSINE_TRNA_LIGASE_RXN_c_Close,0.0
TYROSINE_TRNA_LIGASE_RXN_c_Day,0.0
TYROSINE_TRNA_LIGASE_RXN_c_Night,0.0
TYROSINE_TRNA_LIGASE_RXN_c_Open,0.0
TYR_PROTON_rev_vc_Close,0.0
TYR_PROTON_rev_vc_Day,0.0
TYR_PROTON_rev_vc_Night,0.0
TYR_PROTON_rev_vc_Open,0.0
TYR_PROTON_vc_Close,0.0
TYR_PROTON_vc_Day,0.0
TYR_PROTON_vc_Night,0.0
TYR_PROTON_vc_Open,0.0
TYR_pc_Close,0.0
TYR_pc_Day,0.0
TYR_pc_Night,0.0
TYR_pc_Open,0.0
UDPKIN_RXN_c_Close,-0.9
UDPKIN_RXN_c_Day,0.18000000000000005
UDPKIN_RXN_c_Night,0.0
UDPKIN_RXN_c_Open,0.0
UDP_GLUCURONATE_DECARBOXYLASE_RXN_c_Close,0.0
UDP_GLUCURONATE_DECARBOXYLASE_RXN_c_Day,0.0
UDP_GLUCURONATE_DECARBOXYLASE_RXN_c_Night,0.0
UDP_GLUCURONATE_DECARBOXYLASE_RXN_c_Open,0.0
UGD_RXN_c_Close,0.0
UGD_RXN_c_Day,0.0
UGD_RXN_c_Night,0.0
UGD_RXN_c_Open,0.0
VALINE_TRNA_LIGASE_RXN_c_Close,0.0
VALINE_TRNA_LIGASE_RXN_c_Day,0.0
VALINE_TRNA_LIGASE_RXN_c_Night,0.0
VALINE_TRNA_LIGASE_RXN_c_Open,0.0
VAL_PROTON_rev_vc_Close,0.0
VAL_PROTON_rev_vc_Day,0.0
VAL_PROTON_rev_vc_Night,0.0
VAL_PROTON_rev_vc_Open,0.0
VAL_PROTON_vc_Close,0.0
VAL_PROTON_vc_Day,0.0
VAL_PROTON_vc_Night,0.0
VAL_PROTON_vc_Open,0.0
VAL_pc_Close,0.0
VAL_pc_Day,0.0
VAL_pc_Night,0.0
VAL_pc_Open,0.0
WATER_vc_Close,0.0
WATER_vc_Day,0.0
WATER_vc_Night,0.0
WATER_vc_Open,0.0
X5P_Pi_pc_Close,-0.14245745655194025
X5P_Pi_pc_Day,0.0
X5P_Pi_pc_Night,-2.5586034909976147
X5P_Pi_pc_Open,0.0
Xylan_biomass_Close,0.0
Xylan_biomass_Day,0.0
Xylan_biomass_Night,0.0
Xylan_biomass_Open,0.0
pALA_biomass_Close,0.0
pALA_biomass_Day,0.0
pALA_biomass_Night,0.0
pALA_biomass_Open,0.0
pARG_biomass_Close,0.0
pARG_biomass_Day,0.0
pARG_biomass_Night,0.0
pARG_biomass_Open,0.0
pASN_biomass_Close,0.0
pASN_biomass_Day,0.0
pASN_biomass_Night,0.0
pASN_biomass_Open,0.0
pASP_biomass_Close,0.0
pASP_biomass_Day,0.0
pASP_biomass_Night,0.0
pASP_biomass_Open,0.0
pGLN_biomass_Close,0.0
pGLN_biomass_Day,0.0
pGLN_biomass_Night,0.0
pGLN_biomass_Open,0.0
pGLU_biomass_Close,0.0
pGLU_biomass_Day,0.0
pGLU_biomass_Night,0.0
pGLU_biomass_Open,0.0
pGLY_biomass_Close,0.0
pGLY_biomass_Day,0.0
pGLY_biomass_Night,0.0
pGLY_biomass_Open,0.0
pHIS_biomass_Close,0.0
pHIS_biomass_Day,0.0
pHIS_biomass_Night,0.0
pHIS_biomass_Open,0.0
pILE_biomass_Close,0.0
pILE_biomass_Day,0.0
pILE_biomass_Night,0.0
pILE_biomass_Open,0.0
pLEU_biomass_Close,0.0
pLEU_biomass_Day,0.0
pLEU_biomass_Night,0.0
pLEU_biomass_Open,0.0
pLYS_biomass_Close,0.0
pLYS_biomass_Day,0.0
pLYS_biomass_Night,0.0
pLYS_biomass_Open,0.0
pMET_biomass_Close,0.0
pMET_biomass_Day,0.0
pMET_biomass_Night,0.0
pMET_biomass_Open,0.0
pPHE_biomass_Close,0.0
pPHE_biomass_Day,0.0
pPHE_biomass_Night,0.0
pPHE_biomass_Open,0.0
pSER_biomass_Close,0.0
pSER_biomass_Day,0.0
pSER_biomass_Night,0.0
pSER_biomass_Open,0.0
pTHR_biomass_Close,0.0
pTHR_biomass_Day,0.0
pTHR_biomass_Night,0.0
pTHR_biomass_Open,0.0
pTYR_biomass_Close,0.0
pTYR_biomass_Day,0.0
pTYR_biomass_Night,0.0
pTYR_biomass_Open,0.0
pVAL_biomass_Close,0.0
pVAL_biomass_Day,0.0
pVAL_biomass_Night,0.0
pVAL_biomass_Open,0.0
sALA_biomass_Close,0.0
sALA_biomass_Day,0.0
sALA_biomass_Night,0.0
sALA_biomass_Open,0.0
sASP_biomass_Close,0.0
sASP_biomass_Day,0.0
sASP_biomass_Night,0.0
sASP_biomass_Open,0.0
sCIT_biomass_Close,0.0
sCIT_biomass_Day,0.0
sCIT_biomass_Night,0.0
sCIT_biomass_Open,0.0
sFUM_biomass_Close,0.0
sFUM_biomass_Day,0.0
sFUM_biomass_Night,0.0
sFUM_biomass_Open,0.0
sGABA_biomass_Close,0.0
sGABA_biomass_Day,0.0
sGABA_biomass_Night,0.0
sGABA_biomass_Open,0.0
sGLN_biomass_Close,0.0
sGLN_biomass_Day,0.0
sGLN_biomass_Night,0.0
sGLN_biomass_Open,0.0
sGLU_biomass_Close,0.0
sGLU_biomass_Day,0.0
sGLU_biomass_Night,0.0
sGLU_biomass_Open,0.0
sMAL_biomass_Close,0.0
sMAL_biomass_Day,0.0
sMAL_biomass_Night,0.0
sMAL_biomass_Open,0.0
sSUCROSE_biomass_Close,0.0
sSUCROSE_biomass_Day,0.0
sSUCROSE_biomass_Night,0.0
sSUCROSE_biomass_Open,0.0
sSUC_biomass_Close,0.0
sSUC_biomass_Day,0.0
sSUC_biomass_Night,0.0
sSUC_biomass_Open,0.0
unlProtHYPO_c_Close,0.0
unlProtHYPO_c_Day,0.0
unlProtHYPO_c_Night,0.0
unlProtHYPO_c_Open,0.0
